FREQ,FREQ_LABEL,REF_AREA,REF_AREA_LABEL,INDICATOR,INDICATOR_LABEL,UNIT_MEASURE,UNIT_MEASURE_LABEL,TYPE,TYPE_LABEL,DATABASE_ID,DATABASE_ID_LABEL,UNIT_MULT,UNIT_MULT_LABEL,OBS_STATUS,OBS_STATUS_LABEL,OBS_CONF,OBS_CONF_LABEL,2019,2021,2024
A,Annual,AGO,Angola,WEF_TTDI_EOSQ654,"Geographically dispersed tourism, 1-7 (best)",IX_1T7,Score 1-7,WEF_TTDI_RNK,Type: Rank,WEF_TTDI,Travel & Tourism Development Index (TTDI),0,Units,A,Normal value,PU,Public,109.0,109.0,113.0
A,Annual,AGO,Angola,WEF_TTDI_EOSQ654,"Geographically dispersed tourism, 1-7 (best)",IX_1T7,Score 1-7,WEF_TTDI_SCR,Type: Score,WEF_TTDI,Travel & Tourism Development Index (TTDI),0,Units,A,Normal value,PU,Public,2.60714292526245,2.60714292526245,2.52307172168285
A,Annual,AGO,Angola,WEF_TTDI_EOSQ654,"Geographically dispersed tourism, 1-7 (best)",IX_1T7,Score 1-7,WEF_TTDI_VAL,Type: Value,WEF_TTDI,Travel & Tourism Development Index (TTDI),0,Units,A,Normal value,PU,Public,2.60714292526245,2.60714292526245,2.52307172168285
A,Annual,ALB,Albania,WEF_TTDI_EOSQ654,"Geographically dispersed tourism, 1-7 (best)",IX_1T7,Score 1-7,WEF_TTDI_RNK,Type: Rank,WEF_TTDI,Travel & Tourism Development Index (TTDI),0,Units,A,Normal value,PU,Public,2.0,2.0,2.0
A,Annual,ALB,Albania,WEF_TTDI_EOSQ654,"Geographically dispersed tourism, 1-7 (best)",IX_1T7,Score 1-7,WEF_TTDI_SCR,Type: Score,WEF_TTDI,Travel & Tourism Development Index (TTDI),0,Units,A,Normal value,PU,Public,5.26249980926514,5.26249980926514,5.18708850931677
A,Annual,ALB,Albania,WEF_TTDI_EOSQ654,"Geographically dispersed tourism, 1-7 (best)",IX_1T7,Score 1-7,WEF_TTDI_VAL,Type: Value,WEF_TTDI,Travel & Tourism Development Index (TTDI),0,Units,A,Normal value,PU,Public,5.26249980926514,5.26249980926514,5.18708850931677
A,Annual,ARE,United Arab Emirates,WEF_TTDI_EOSQ654,"Geographically dispersed tourism, 1-7 (best)",IX_1T7,Score 1-7,WEF_TTDI_RNK,Type: Rank,WEF_TTDI,Travel & Tourism Development Index (TTDI),0,Units,A,Normal value,PU,Public,12.0,12.0,17.0
A,Annual,ARE,United Arab Emirates,WEF_TTDI_EOSQ654,"Geographically dispersed tourism, 1-7 (best)",IX_1T7,Score 1-7,WEF_TTDI_SCR,Type: Score,WEF_TTDI,Travel & Tourism Development Index (TTDI),0,Units,A,Normal value,PU,Public,4.60590076446533,4.60590076446533,4.64596478787879
A,Annual,ARE,United Arab Emirates,WEF_TTDI_EOSQ654,"Geographically dispersed tourism, 1-7 (best)",IX_1T7,Score 1-7,WEF_TTDI_VAL,Type: Value,WEF_TTDI,Travel & Tourism Development Index (TTDI),0,Units,A,Normal value,PU,Public,4.60590076446533,4.60590076446533,4.64596478787879
A,Annual,ARG,Argentina,WEF_TTDI_EOSQ654,"Geographically dispersed tourism, 1-7 (best)",IX_1T7,Score 1-7,WEF_TTDI_RNK,Type: Rank,WEF_TTDI,Travel & Tourism Development Index (TTDI),0,Units,A,Normal value,PU,Public,107.0,107.0,98.0
A,Annual,ARG,Argentina,WEF_TTDI_EOSQ654,"Geographically dispersed tourism, 1-7 (best)",IX_1T7,Score 1-7,WEF_TTDI_SCR,Type: Score,WEF_TTDI,Travel & Tourism Development Index (TTDI),0,Units,A,Normal value,PU,Public,2.66234254837036,2.66234254837036,3.00532119680851
A,Annual,ARG,Argentina,WEF_TTDI_EOSQ654,"Geographically dispersed tourism, 1-7 (best)",IX_1T7,Score 1-7,WEF_TTDI_VAL,Type: Value,WEF_TTDI,Travel & Tourism Development Index (TTDI),0,Units,A,Normal value,PU,Public,2.66234254837036,2.66234254837036,3.00532119680851
A,Annual,ARM,Armenia,WEF_TTDI_EOSQ654,"Geographically dispersed tourism, 1-7 (best)",IX_1T7,Score 1-7,WEF_TTDI_RNK,Type: Rank,WEF_TTDI,Travel & Tourism Development Index (TTDI),0,Units,A,Normal value,PU,Public,54.0,54.0,84.0
A,Annual,ARM,Armenia,WEF_TTDI_EOSQ654,"Geographically dispersed tourism, 1-7 (best)",IX_1T7,Score 1-7,WEF_TTDI_SCR,Type: Score,WEF_TTDI,Travel & Tourism Development Index (TTDI),0,Units,A,Normal value,PU,Public,3.56603765487671,3.56603765487671,3.23682773076923
A,Annual,ARM,Armenia,WEF_TTDI_EOSQ654,"Geographically dispersed tourism, 1-7 (best)",IX_1T7,Score 1-7,WEF_TTDI_VAL,Type: Value,WEF_TTDI,Travel & Tourism Development Index (TTDI),0,Units,A,Normal value,PU,Public,3.56603765487671,3.56603765487671,3.23682773076923
A,Annual,AUS,Australia,WEF_TTDI_EOSQ654,"Geographically dispersed tourism, 1-7 (best)",IX_1T7,Score 1-7,WEF_TTDI_RNK,Type: Rank,WEF_TTDI,Travel & Tourism Development Index (TTDI),0,Units,A,Normal value,PU,Public,62.0,62.0,16.0
A,Annual,AUS,Australia,WEF_TTDI_EOSQ654,"Geographically dispersed tourism, 1-7 (best)",IX_1T7,Score 1-7,WEF_TTDI_SCR,Type: Score,WEF_TTDI,Travel & Tourism Development Index (TTDI),0,Units,A,Normal value,PU,Public,3.40298509597778,3.40298509597778,4.66367604123711
A,Annual,AUS,Australia,WEF_TTDI_EOSQ654,"Geographically dispersed tourism, 1-7 (best)",IX_1T7,Score 1-7,WEF_TTDI_VAL,Type: Value,WEF_TTDI,Travel & Tourism Development Index (TTDI),0,Units,A,Normal value,PU,Public,3.40298509597778,3.40298509597778,4.66367604123711
A,Annual,AUT,Austria,WEF_TTDI_EOSQ654,"Geographically dispersed tourism, 1-7 (best)",IX_1T7,Score 1-7,WEF_TTDI_RNK,Type: Rank,WEF_TTDI,Travel & Tourism Development Index (TTDI),0,Units,A,Normal value,PU,Public,11.0,11.0,23.0
A,Annual,AUT,Austria,WEF_TTDI_EOSQ654,"Geographically dispersed tourism, 1-7 (best)",IX_1T7,Score 1-7,WEF_TTDI_SCR,Type: Score,WEF_TTDI,Travel & Tourism Development Index (TTDI),0,Units,A,Normal value,PU,Public,4.7086615562439,4.7086615562439,4.518358
A,Annual,AUT,Austria,WEF_TTDI_EOSQ654,"Geographically dispersed tourism, 1-7 (best)",IX_1T7,Score 1-7,WEF_TTDI_VAL,Type: Value,WEF_TTDI,Travel & Tourism Development Index (TTDI),0,Units,A,Normal value,PU,Public,4.7086615562439,4.7086615562439,4.518358
A,Annual,AZE,Azerbaijan,WEF_TTDI_EOSQ654,"Geographically dispersed tourism, 1-7 (best)",IX_1T7,Score 1-7,WEF_TTDI_RNK,Type: Rank,WEF_TTDI,Travel & Tourism Development Index (TTDI),0,Units,A,Normal value,PU,Public,5.0,5.0,8.0
A,Annual,AZE,Azerbaijan,WEF_TTDI_EOSQ654,"Geographically dispersed tourism, 1-7 (best)",IX_1T7,Score 1-7,WEF_TTDI_SCR,Type: Score,WEF_TTDI,Travel & Tourism Development Index (TTDI),0,Units,A,Normal value,PU,Public,4.99238252639771,4.99238252639771,4.99238252639771
A,Annual,AZE,Azerbaijan,WEF_TTDI_EOSQ654,"Geographically dispersed tourism, 1-7 (best)",IX_1T7,Score 1-7,WEF_TTDI_VAL,Type: Value,WEF_TTDI,Travel & Tourism Development Index (TTDI),0,Units,A,Normal value,PU,Public,4.99238252639771,4.99238252639771,4.99238252639771
A,Annual,BEL,Belgium,WEF_TTDI_EOSQ654,"Geographically dispersed tourism, 1-7 (best)",IX_1T7,Score 1-7,WEF_TTDI_RNK,Type: Rank,WEF_TTDI,Travel & Tourism Development Index (TTDI),0,Units,A,Normal value,PU,Public,15.0,15.0,31.0
A,Annual,BEL,Belgium,WEF_TTDI_EOSQ654,"Geographically dispersed tourism, 1-7 (best)",IX_1T7,Score 1-7,WEF_TTDI_SCR,Type: Score,WEF_TTDI,Travel & Tourism Development Index (TTDI),0,Units,A,Normal value,PU,Public,4.59183692932129,4.59183692932129,4.34210413173653
A,Annual,BEL,Belgium,WEF_TTDI_EOSQ654,"Geographically dispersed tourism, 1-7 (best)",IX_1T7,Score 1-7,WEF_TTDI_VAL,Type: Value,WEF_TTDI,Travel & Tourism Development Index (TTDI),0,Units,A,Normal value,PU,Public,4.59183692932129,4.59183692932129,4.34210413173653
A,Annual,BEN,Benin,WEF_TTDI_EOSQ654,"Geographically dispersed tourism, 1-7 (best)",IX_1T7,Score 1-7,WEF_TTDI_RNK,Type: Rank,WEF_TTDI,Travel & Tourism Development Index (TTDI),0,Units,A,Normal value,PU,Public,10.0,10.0,22.0
A,Annual,BEN,Benin,WEF_TTDI_EOSQ654,"Geographically dispersed tourism, 1-7 (best)",IX_1T7,Score 1-7,WEF_TTDI_SCR,Type: Score,WEF_TTDI,Travel & Tourism Development Index (TTDI),0,Units,A,Normal value,PU,Public,4.77570104598999,4.77570104598999,4.52424995652174
A,Annual,BEN,Benin,WEF_TTDI_EOSQ654,"Geographically dispersed tourism, 1-7 (best)",IX_1T7,Score 1-7,WEF_TTDI_VAL,Type: Value,WEF_TTDI,Travel & Tourism Development Index (TTDI),0,Units,A,Normal value,PU,Public,4.77570104598999,4.77570104598999,4.52424995652174
A,Annual,BGD,Bangladesh,WEF_TTDI_EOSQ654,"Geographically dispersed tourism, 1-7 (best)",IX_1T7,Score 1-7,WEF_TTDI_RNK,Type: Rank,WEF_TTDI,Travel & Tourism Development Index (TTDI),0,Units,A,Normal value,PU,Public,87.0,87.0,105.0
A,Annual,BGD,Bangladesh,WEF_TTDI_EOSQ654,"Geographically dispersed tourism, 1-7 (best)",IX_1T7,Score 1-7,WEF_TTDI_SCR,Type: Score,WEF_TTDI,Travel & Tourism Development Index (TTDI),0,Units,A,Normal value,PU,Public,3.14492750167847,3.14492750167847,2.77630744055944
A,Annual,BGD,Bangladesh,WEF_TTDI_EOSQ654,"Geographically dispersed tourism, 1-7 (best)",IX_1T7,Score 1-7,WEF_TTDI_VAL,Type: Value,WEF_TTDI,Travel & Tourism Development Index (TTDI),0,Units,A,Normal value,PU,Public,3.14492750167847,3.14492750167847,2.77630744055944
A,Annual,BGR,Bulgaria,WEF_TTDI_EOSQ654,"Geographically dispersed tourism, 1-7 (best)",IX_1T7,Score 1-7,WEF_TTDI_RNK,Type: Rank,WEF_TTDI,Travel & Tourism Development Index (TTDI),0,Units,A,Normal value,PU,Public,59.0,59.0,68.0
A,Annual,BGR,Bulgaria,WEF_TTDI_EOSQ654,"Geographically dispersed tourism, 1-7 (best)",IX_1T7,Score 1-7,WEF_TTDI_SCR,Type: Score,WEF_TTDI,Travel & Tourism Development Index (TTDI),0,Units,A,Normal value,PU,Public,3.45161294937134,3.45161294937134,3.51185085365854
A,Annual,BGR,Bulgaria,WEF_TTDI_EOSQ654,"Geographically dispersed tourism, 1-7 (best)",IX_1T7,Score 1-7,WEF_TTDI_VAL,Type: Value,WEF_TTDI,Travel & Tourism Development Index (TTDI),0,Units,A,Normal value,PU,Public,3.45161294937134,3.45161294937134,3.51185085365854
A,Annual,BHR,Bahrain,WEF_TTDI_EOSQ654,"Geographically dispersed tourism, 1-7 (best)",IX_1T7,Score 1-7,WEF_TTDI_RNK,Type: Rank,WEF_TTDI,Travel & Tourism Development Index (TTDI),0,Units,A,Normal value,PU,Public,24.0,24.0,24.0
A,Annual,BHR,Bahrain,WEF_TTDI_EOSQ654,"Geographically dispersed tourism, 1-7 (best)",IX_1T7,Score 1-7,WEF_TTDI_SCR,Type: Score,WEF_TTDI,Travel & Tourism Development Index (TTDI),0,Units,A,Normal value,PU,Public,4.41808557510376,4.41808557510376,4.41135141463415
A,Annual,BHR,Bahrain,WEF_TTDI_EOSQ654,"Geographically dispersed tourism, 1-7 (best)",IX_1T7,Score 1-7,WEF_TTDI_VAL,Type: Value,WEF_TTDI,Travel & Tourism Development Index (TTDI),0,Units,A,Normal value,PU,Public,4.41808557510376,4.41808557510376,4.41135141463415
A,Annual,BIH,Bosnia and Herzegovina,WEF_TTDI_EOSQ654,"Geographically dispersed tourism, 1-7 (best)",IX_1T7,Score 1-7,WEF_TTDI_RNK,Type: Rank,WEF_TTDI,Travel & Tourism Development Index (TTDI),0,Units,A,Normal value,PU,Public,92.0,92.0,85.0
A,Annual,BIH,Bosnia and Herzegovina,WEF_TTDI_EOSQ654,"Geographically dispersed tourism, 1-7 (best)",IX_1T7,Score 1-7,WEF_TTDI_SCR,Type: Score,WEF_TTDI,Travel & Tourism Development Index (TTDI),0,Units,A,Normal value,PU,Public,3.02727270126343,3.02727270126343,3.19432144230769
A,Annual,BIH,Bosnia and Herzegovina,WEF_TTDI_EOSQ654,"Geographically dispersed tourism, 1-7 (best)",IX_1T7,Score 1-7,WEF_TTDI_VAL,Type: Value,WEF_TTDI,Travel & Tourism Development Index (TTDI),0,Units,A,Normal value,PU,Public,3.02727270126343,3.02727270126343,3.19432144230769
A,Annual,BOL,Bolivia,WEF_TTDI_EOSQ654,"Geographically dispersed tourism, 1-7 (best)",IX_1T7,Score 1-7,WEF_TTDI_RNK,Type: Rank,WEF_TTDI,Travel & Tourism Development Index (TTDI),0,Units,A,Normal value,PU,Public,118.0,118.0,109.0
A,Annual,BOL,Bolivia,WEF_TTDI_EOSQ654,"Geographically dispersed tourism, 1-7 (best)",IX_1T7,Score 1-7,WEF_TTDI_SCR,Type: Score,WEF_TTDI,Travel & Tourism Development Index (TTDI),0,Units,A,Normal value,PU,Public,2.23190641403198,2.23190641403198,2.68011076923077
A,Annual,BOL,Bolivia,WEF_TTDI_EOSQ654,"Geographically dispersed tourism, 1-7 (best)",IX_1T7,Score 1-7,WEF_TTDI_VAL,Type: Value,WEF_TTDI,Travel & Tourism Development Index (TTDI),0,Units,A,Normal value,PU,Public,2.23190641403198,2.23190641403198,2.68011076923077
A,Annual,BRA,Brazil,WEF_TTDI_EOSQ654,"Geographically dispersed tourism, 1-7 (best)",IX_1T7,Score 1-7,WEF_TTDI_RNK,Type: Rank,WEF_TTDI,Travel & Tourism Development Index (TTDI),0,Units,A,Normal value,PU,Public,85.0,85.0,92.0
A,Annual,BRA,Brazil,WEF_TTDI_EOSQ654,"Geographically dispersed tourism, 1-7 (best)",IX_1T7,Score 1-7,WEF_TTDI_SCR,Type: Score,WEF_TTDI,Travel & Tourism Development Index (TTDI),0,Units,A,Normal value,PU,Public,3.1702127456665,3.1702127456665,3.06370445889101
A,Annual,BRA,Brazil,WEF_TTDI_EOSQ654,"Geographically dispersed tourism, 1-7 (best)",IX_1T7,Score 1-7,WEF_TTDI_VAL,Type: Value,WEF_TTDI,Travel & Tourism Development Index (TTDI),0,Units,A,Normal value,PU,Public,3.1702127456665,3.1702127456665,3.06370445889101
A,Annual,BRB,Barbados,WEF_TTDI_EOSQ654,"Geographically dispersed tourism, 1-7 (best)",IX_1T7,Score 1-7,WEF_TTDI_RNK,Type: Rank,WEF_TTDI,Travel & Tourism Development Index (TTDI),0,Units,A,Normal value,PU,Public,78.0,78.0,90.0
A,Annual,BRB,Barbados,WEF_TTDI_EOSQ654,"Geographically dispersed tourism, 1-7 (best)",IX_1T7,Score 1-7,WEF_TTDI_SCR,Type: Score,WEF_TTDI,Travel & Tourism Development Index (TTDI),0,Units,A,Normal value,PU,Public,3.25,3.25,3.06667
A,Annual,BRB,Barbados,WEF_TTDI_EOSQ654,"Geographically dispersed tourism, 1-7 (best)",IX_1T7,Score 1-7,WEF_TTDI_VAL,Type: Value,WEF_TTDI,Travel & Tourism Development Index (TTDI),0,Units,A,Normal value,PU,Public,3.25,3.25,3.06667
A,Annual,BWA,Botswana,WEF_TTDI_EOSQ654,"Geographically dispersed tourism, 1-7 (best)",IX_1T7,Score 1-7,WEF_TTDI_RNK,Type: Rank,WEF_TTDI,Travel & Tourism Development Index (TTDI),0,Units,A,Normal value,PU,Public,102.0,102.0,119.0
A,Annual,BWA,Botswana,WEF_TTDI_EOSQ654,"Geographically dispersed tourism, 1-7 (best)",IX_1T7,Score 1-7,WEF_TTDI_SCR,Type: Score,WEF_TTDI,Travel & Tourism Development Index (TTDI),0,Units,A,Normal value,PU,Public,2.73076915740967,2.73076915740967,1.64118733333333
A,Annual,BWA,Botswana,WEF_TTDI_EOSQ654,"Geographically dispersed tourism, 1-7 (best)",IX_1T7,Score 1-7,WEF_TTDI_VAL,Type: Value,WEF_TTDI,Travel & Tourism Development Index (TTDI),0,Units,A,Normal value,PU,Public,2.73076915740967,2.73076915740967,1.64118733333333
A,Annual,CAN,Canada,WEF_TTDI_EOSQ654,"Geographically dispersed tourism, 1-7 (best)",IX_1T7,Score 1-7,WEF_TTDI_RNK,Type: Rank,WEF_TTDI,Travel & Tourism Development Index (TTDI),0,Units,A,Normal value,PU,Public,25.0,25.0,14.0
A,Annual,CAN,Canada,WEF_TTDI_EOSQ654,"Geographically dispersed tourism, 1-7 (best)",IX_1T7,Score 1-7,WEF_TTDI_SCR,Type: Score,WEF_TTDI,Travel & Tourism Development Index (TTDI),0,Units,A,Normal value,PU,Public,4.40996170043945,4.40996170043945,4.77287520547945
A,Annual,CAN,Canada,WEF_TTDI_EOSQ654,"Geographically dispersed tourism, 1-7 (best)",IX_1T7,Score 1-7,WEF_TTDI_VAL,Type: Value,WEF_TTDI,Travel & Tourism Development Index (TTDI),0,Units,A,Normal value,PU,Public,4.40996170043945,4.40996170043945,4.77287520547945
A,Annual,CHE,Switzerland,WEF_TTDI_EOSQ654,"Geographically dispersed tourism, 1-7 (best)",IX_1T7,Score 1-7,WEF_TTDI_RNK,Type: Rank,WEF_TTDI,Travel & Tourism Development Index (TTDI),0,Units,A,Normal value,PU,Public,30.0,30.0,26.0
A,Annual,CHE,Switzerland,WEF_TTDI_EOSQ654,"Geographically dispersed tourism, 1-7 (best)",IX_1T7,Score 1-7,WEF_TTDI_SCR,Type: Score,WEF_TTDI,Travel & Tourism Development Index (TTDI),0,Units,A,Normal value,PU,Public,4.19767427444458,4.19767427444458,4.39133817518248
A,Annual,CHE,Switzerland,WEF_TTDI_EOSQ654,"Geographically dispersed tourism, 1-7 (best)",IX_1T7,Score 1-7,WEF_TTDI_VAL,Type: Value,WEF_TTDI,Travel & Tourism Development Index (TTDI),0,Units,A,Normal value,PU,Public,4.19767427444458,4.19767427444458,4.39133817518248
A,Annual,CHL,Chile,WEF_TTDI_EOSQ654,"Geographically dispersed tourism, 1-7 (best)",IX_1T7,Score 1-7,WEF_TTDI_RNK,Type: Rank,WEF_TTDI,Travel & Tourism Development Index (TTDI),0,Units,A,Normal value,PU,Public,73.0,73.0,79.0
A,Annual,CHL,Chile,WEF_TTDI_EOSQ654,"Geographically dispersed tourism, 1-7 (best)",IX_1T7,Score 1-7,WEF_TTDI_SCR,Type: Score,WEF_TTDI,Travel & Tourism Development Index (TTDI),0,Units,A,Normal value,PU,Public,3.28571438789368,3.28571438789368,3.33839994179894
A,Annual,CHL,Chile,WEF_TTDI_EOSQ654,"Geographically dispersed tourism, 1-7 (best)",IX_1T7,Score 1-7,WEF_TTDI_VAL,Type: Value,WEF_TTDI,Travel & Tourism Development Index (TTDI),0,Units,A,Normal value,PU,Public,3.28571438789368,3.28571438789368,3.33839994179894
A,Annual,CHN,China,WEF_TTDI_EOSQ654,"Geographically dispersed tourism, 1-7 (best)",IX_1T7,Score 1-7,WEF_TTDI_RNK,Type: Rank,WEF_TTDI,Travel & Tourism Development Index (TTDI),0,Units,A,Normal value,PU,Public,3.0,3.0,3.0
A,Annual,CHN,China,WEF_TTDI_EOSQ654,"Geographically dispersed tourism, 1-7 (best)",IX_1T7,Score 1-7,WEF_TTDI_SCR,Type: Score,WEF_TTDI,Travel & Tourism Development Index (TTDI),0,Units,A,Normal value,PU,Public,5.11904764175415,5.11904764175415,5.12121279220779
A,Annual,CHN,China,WEF_TTDI_EOSQ654,"Geographically dispersed tourism, 1-7 (best)",IX_1T7,Score 1-7,WEF_TTDI_VAL,Type: Value,WEF_TTDI,Travel & Tourism Development Index (TTDI),0,Units,A,Normal value,PU,Public,5.11904764175415,5.11904764175415,5.12121279220779
A,Annual,CIV,Cote d'Ivoire,WEF_TTDI_EOSQ654,"Geographically dispersed tourism, 1-7 (best)",IX_1T7,Score 1-7,WEF_TTDI_RNK,Type: Rank,WEF_TTDI,Travel & Tourism Development Index (TTDI),0,Units,A,Normal value,PU,Public,48.0,48.0,25.0
A,Annual,CIV,Cote d'Ivoire,WEF_TTDI_EOSQ654,"Geographically dispersed tourism, 1-7 (best)",IX_1T7,Score 1-7,WEF_TTDI_SCR,Type: Score,WEF_TTDI,Travel & Tourism Development Index (TTDI),0,Units,A,Normal value,PU,Public,3.75129532814026,3.75129532814026,4.39810632911392
A,Annual,CIV,Cote d'Ivoire,WEF_TTDI_EOSQ654,"Geographically dispersed tourism, 1-7 (best)",IX_1T7,Score 1-7,WEF_TTDI_VAL,Type: Value,WEF_TTDI,Travel & Tourism Development Index (TTDI),0,Units,A,Normal value,PU,Public,3.75129532814026,3.75129532814026,4.39810632911392
A,Annual,CMR,Cameroon,WEF_TTDI_EOSQ654,"Geographically dispersed tourism, 1-7 (best)",IX_1T7,Score 1-7,WEF_TTDI_RNK,Type: Rank,WEF_TTDI,Travel & Tourism Development Index (TTDI),0,Units,A,Normal value,PU,Public,53.0,53.0,46.0
A,Annual,CMR,Cameroon,WEF_TTDI_EOSQ654,"Geographically dispersed tourism, 1-7 (best)",IX_1T7,Score 1-7,WEF_TTDI_SCR,Type: Score,WEF_TTDI,Travel & Tourism Development Index (TTDI),0,Units,A,Normal value,PU,Public,3.65079355239868,3.65079355239868,4.02618196491228
A,Annual,CMR,Cameroon,WEF_TTDI_EOSQ654,"Geographically dispersed tourism, 1-7 (best)",IX_1T7,Score 1-7,WEF_TTDI_VAL,Type: Value,WEF_TTDI,Travel & Tourism Development Index (TTDI),0,Units,A,Normal value,PU,Public,3.65079355239868,3.65079355239868,4.02618196491228
A,Annual,COL,Colombia,WEF_TTDI_EOSQ654,"Geographically dispersed tourism, 1-7 (best)",IX_1T7,Score 1-7,WEF_TTDI_RNK,Type: Rank,WEF_TTDI,Travel & Tourism Development Index (TTDI),0,Units,A,Normal value,PU,Public,89.0,89.0,61.0
A,Annual,COL,Colombia,WEF_TTDI_EOSQ654,"Geographically dispersed tourism, 1-7 (best)",IX_1T7,Score 1-7,WEF_TTDI_SCR,Type: Score,WEF_TTDI,Travel & Tourism Development Index (TTDI),0,Units,A,Normal value,PU,Public,3.05263161659241,3.05263161659241,3.69439663414634
A,Annual,COL,Colombia,WEF_TTDI_EOSQ654,"Geographically dispersed tourism, 1-7 (best)",IX_1T7,Score 1-7,WEF_TTDI_VAL,Type: Value,WEF_TTDI,Travel & Tourism Development Index (TTDI),0,Units,A,Normal value,PU,Public,3.05263161659241,3.05263161659241,3.69439663414634
A,Annual,CRI,Costa Rica,WEF_TTDI_EOSQ654,"Geographically dispersed tourism, 1-7 (best)",IX_1T7,Score 1-7,WEF_TTDI_RNK,Type: Rank,WEF_TTDI,Travel & Tourism Development Index (TTDI),0,Units,A,Normal value,PU,Public,28.0,28.0,30.0
A,Annual,CRI,Costa Rica,WEF_TTDI_EOSQ654,"Geographically dispersed tourism, 1-7 (best)",IX_1T7,Score 1-7,WEF_TTDI_SCR,Type: Score,WEF_TTDI,Travel & Tourism Development Index (TTDI),0,Units,A,Normal value,PU,Public,4.25,4.25,4.34968584507042
A,Annual,CRI,Costa Rica,WEF_TTDI_EOSQ654,"Geographically dispersed tourism, 1-7 (best)",IX_1T7,Score 1-7,WEF_TTDI_VAL,Type: Value,WEF_TTDI,Travel & Tourism Development Index (TTDI),0,Units,A,Normal value,PU,Public,4.25,4.25,4.34968584507042
A,Annual,CYP,Cyprus,WEF_TTDI_EOSQ654,"Geographically dispersed tourism, 1-7 (best)",IX_1T7,Score 1-7,WEF_TTDI_RNK,Type: Rank,WEF_TTDI,Travel & Tourism Development Index (TTDI),0,Units,A,Normal value,PU,Public,38.0,38.0,47.0
A,Annual,CYP,Cyprus,WEF_TTDI_EOSQ654,"Geographically dispersed tourism, 1-7 (best)",IX_1T7,Score 1-7,WEF_TTDI_SCR,Type: Score,WEF_TTDI,Travel & Tourism Development Index (TTDI),0,Units,A,Normal value,PU,Public,4.02631568908691,4.02631568908691,4.02145711904762
A,Annual,CYP,Cyprus,WEF_TTDI_EOSQ654,"Geographically dispersed tourism, 1-7 (best)",IX_1T7,Score 1-7,WEF_TTDI_VAL,Type: Value,WEF_TTDI,Travel & Tourism Development Index (TTDI),0,Units,A,Normal value,PU,Public,4.02631568908691,4.02631568908691,4.02145711904762
A,Annual,CZE,Czechia,WEF_TTDI_EOSQ654,"Geographically dispersed tourism, 1-7 (best)",IX_1T7,Score 1-7,WEF_TTDI_RNK,Type: Rank,WEF_TTDI,Travel & Tourism Development Index (TTDI),0,Units,A,Normal value,PU,Public,63.0,63.0,106.0
A,Annual,CZE,Czechia,WEF_TTDI_EOSQ654,"Geographically dispersed tourism, 1-7 (best)",IX_1T7,Score 1-7,WEF_TTDI_SCR,Type: Score,WEF_TTDI,Travel & Tourism Development Index (TTDI),0,Units,A,Normal value,PU,Public,3.39090919494629,3.39090919494629,2.75248611111111
A,Annual,CZE,Czechia,WEF_TTDI_EOSQ654,"Geographically dispersed tourism, 1-7 (best)",IX_1T7,Score 1-7,WEF_TTDI_VAL,Type: Value,WEF_TTDI,Travel & Tourism Development Index (TTDI),0,Units,A,Normal value,PU,Public,3.39090919494629,3.39090919494629,2.75248611111111
A,Annual,DEU,Germany,WEF_TTDI_EOSQ654,"Geographically dispersed tourism, 1-7 (best)",IX_1T7,Score 1-7,WEF_TTDI_RNK,Type: Rank,WEF_TTDI,Travel & Tourism Development Index (TTDI),0,Units,A,Normal value,PU,Public,27.0,27.0,19.0
A,Annual,DEU,Germany,WEF_TTDI_EOSQ654,"Geographically dispersed tourism, 1-7 (best)",IX_1T7,Score 1-7,WEF_TTDI_SCR,Type: Score,WEF_TTDI,Travel & Tourism Development Index (TTDI),0,Units,A,Normal value,PU,Public,4.32258081436157,4.32258081436157,4.62648095238095
A,Annual,DEU,Germany,WEF_TTDI_EOSQ654,"Geographically dispersed tourism, 1-7 (best)",IX_1T7,Score 1-7,WEF_TTDI_VAL,Type: Value,WEF_TTDI,Travel & Tourism Development Index (TTDI),0,Units,A,Normal value,PU,Public,4.32258081436157,4.32258081436157,4.62648095238095
A,Annual,DNK,Denmark,WEF_TTDI_EOSQ654,"Geographically dispersed tourism, 1-7 (best)",IX_1T7,Score 1-7,WEF_TTDI_RNK,Type: Rank,WEF_TTDI,Travel & Tourism Development Index (TTDI),0,Units,A,Normal value,PU,Public,55.0,55.0,65.0
A,Annual,DNK,Denmark,WEF_TTDI_EOSQ654,"Geographically dispersed tourism, 1-7 (best)",IX_1T7,Score 1-7,WEF_TTDI_SCR,Type: Score,WEF_TTDI,Travel & Tourism Development Index (TTDI),0,Units,A,Normal value,PU,Public,3.55555558204651,3.55555558204651,3.58936851396648
A,Annual,DNK,Denmark,WEF_TTDI_EOSQ654,"Geographically dispersed tourism, 1-7 (best)",IX_1T7,Score 1-7,WEF_TTDI_VAL,Type: Value,WEF_TTDI,Travel & Tourism Development Index (TTDI),0,Units,A,Normal value,PU,Public,3.55555558204651,3.55555558204651,3.58936851396648
A,Annual,DOM,Dominican Republic,WEF_TTDI_EOSQ654,"Geographically dispersed tourism, 1-7 (best)",IX_1T7,Score 1-7,WEF_TTDI_RNK,Type: Rank,WEF_TTDI,Travel & Tourism Development Index (TTDI),0,Units,A,Normal value,PU,Public,67.0,67.0,88.0
A,Annual,DOM,Dominican Republic,WEF_TTDI_EOSQ654,"Geographically dispersed tourism, 1-7 (best)",IX_1T7,Score 1-7,WEF_TTDI_SCR,Type: Score,WEF_TTDI,Travel & Tourism Development Index (TTDI),0,Units,A,Normal value,PU,Public,3.32857131958008,3.32857131958008,3.13599470168067
A,Annual,DOM,Dominican Republic,WEF_TTDI_EOSQ654,"Geographically dispersed tourism, 1-7 (best)",IX_1T7,Score 1-7,WEF_TTDI_VAL,Type: Value,WEF_TTDI,Travel & Tourism Development Index (TTDI),0,Units,A,Normal value,PU,Public,3.32857131958008,3.32857131958008,3.13599470168067
A,Annual,DZA,Algeria,WEF_TTDI_EOSQ654,"Geographically dispersed tourism, 1-7 (best)",IX_1T7,Score 1-7,WEF_TTDI_RNK,Type: Rank,WEF_TTDI,Travel & Tourism Development Index (TTDI),0,Units,A,Normal value,PU,Public,115.0,115.0,112.0
A,Annual,DZA,Algeria,WEF_TTDI_EOSQ654,"Geographically dispersed tourism, 1-7 (best)",IX_1T7,Score 1-7,WEF_TTDI_SCR,Type: Score,WEF_TTDI,Travel & Tourism Development Index (TTDI),0,Units,A,Normal value,PU,Public,2.33333,2.33333,2.57856967175573
A,Annual,DZA,Algeria,WEF_TTDI_EOSQ654,"Geographically dispersed tourism, 1-7 (best)",IX_1T7,Score 1-7,WEF_TTDI_VAL,Type: Value,WEF_TTDI,Travel & Tourism Development Index (TTDI),0,Units,A,Normal value,PU,Public,2.33333,2.33333,2.57856967175573
A,Annual,ECU,Ecuador,WEF_TTDI_EOSQ654,"Geographically dispersed tourism, 1-7 (best)",IX_1T7,Score 1-7,WEF_TTDI_RNK,Type: Rank,WEF_TTDI,Travel & Tourism Development Index (TTDI),0,Units,A,Normal value,PU,Public,90.0,90.0,86.0
A,Annual,ECU,Ecuador,WEF_TTDI_EOSQ654,"Geographically dispersed tourism, 1-7 (best)",IX_1T7,Score 1-7,WEF_TTDI_SCR,Type: Score,WEF_TTDI,Travel & Tourism Development Index (TTDI),0,Units,A,Normal value,PU,Public,3.0459771156311,3.0459771156311,3.17709439130435
A,Annual,ECU,Ecuador,WEF_TTDI_EOSQ654,"Geographically dispersed tourism, 1-7 (best)",IX_1T7,Score 1-7,WEF_TTDI_VAL,Type: Value,WEF_TTDI,Travel & Tourism Development Index (TTDI),0,Units,A,Normal value,PU,Public,3.0459771156311,3.0459771156311,3.17709439130435
A,Annual,EGY,"Egypt, Arab Rep.",WEF_TTDI_EOSQ654,"Geographically dispersed tourism, 1-7 (best)",IX_1T7,Score 1-7,WEF_TTDI_RNK,Type: Rank,WEF_TTDI,Travel & Tourism Development Index (TTDI),0,Units,A,Normal value,PU,Public,19.0,19.0,32.0
A,Annual,EGY,"Egypt, Arab Rep.",WEF_TTDI_EOSQ654,"Geographically dispersed tourism, 1-7 (best)",IX_1T7,Score 1-7,WEF_TTDI_SCR,Type: Score,WEF_TTDI,Travel & Tourism Development Index (TTDI),0,Units,A,Normal value,PU,Public,4.48372554779053,4.48372554779053,4.32062205882353
A,Annual,EGY,"Egypt, Arab Rep.",WEF_TTDI_EOSQ654,"Geographically dispersed tourism, 1-7 (best)",IX_1T7,Score 1-7,WEF_TTDI_VAL,Type: Value,WEF_TTDI,Travel & Tourism Development Index (TTDI),0,Units,A,Normal value,PU,Public,4.48372554779053,4.48372554779053,4.32062205882353
A,Annual,ESP,Spain,WEF_TTDI_EOSQ654,"Geographically dispersed tourism, 1-7 (best)",IX_1T7,Score 1-7,WEF_TTDI_RNK,Type: Rank,WEF_TTDI,Travel & Tourism Development Index (TTDI),0,Units,A,Normal value,PU,Public,70.0,70.0,66.0
A,Annual,ESP,Spain,WEF_TTDI_EOSQ654,"Geographically dispersed tourism, 1-7 (best)",IX_1T7,Score 1-7,WEF_TTDI_SCR,Type: Score,WEF_TTDI,Travel & Tourism Development Index (TTDI),0,Units,A,Normal value,PU,Public,3.30693078041077,3.30693078041077,3.58303
A,Annual,ESP,Spain,WEF_TTDI_EOSQ654,"Geographically dispersed tourism, 1-7 (best)",IX_1T7,Score 1-7,WEF_TTDI_VAL,Type: Value,WEF_TTDI,Travel & Tourism Development Index (TTDI),0,Units,A,Normal value,PU,Public,3.30693078041077,3.30693078041077,3.58303
A,Annual,EST,Estonia,WEF_TTDI_EOSQ654,"Geographically dispersed tourism, 1-7 (best)",IX_1T7,Score 1-7,WEF_TTDI_RNK,Type: Rank,WEF_TTDI,Travel & Tourism Development Index (TTDI),0,Units,A,Normal value,PU,Public,94.0,94.0,71.0
A,Annual,EST,Estonia,WEF_TTDI_EOSQ654,"Geographically dispersed tourism, 1-7 (best)",IX_1T7,Score 1-7,WEF_TTDI_SCR,Type: Score,WEF_TTDI,Travel & Tourism Development Index (TTDI),0,Units,A,Normal value,PU,Public,2.97297286987305,2.97297286987305,3.48555683333333
A,Annual,EST,Estonia,WEF_TTDI_EOSQ654,"Geographically dispersed tourism, 1-7 (best)",IX_1T7,Score 1-7,WEF_TTDI_VAL,Type: Value,WEF_TTDI,Travel & Tourism Development Index (TTDI),0,Units,A,Normal value,PU,Public,2.97297286987305,2.97297286987305,3.48555683333333
A,Annual,FIN,Finland,WEF_TTDI_EOSQ654,"Geographically dispersed tourism, 1-7 (best)",IX_1T7,Score 1-7,WEF_TTDI_RNK,Type: Rank,WEF_TTDI,Travel & Tourism Development Index (TTDI),0,Units,A,Normal value,PU,Public,68.0,68.0,63.0
A,Annual,FIN,Finland,WEF_TTDI_EOSQ654,"Geographically dispersed tourism, 1-7 (best)",IX_1T7,Score 1-7,WEF_TTDI_SCR,Type: Score,WEF_TTDI,Travel & Tourism Development Index (TTDI),0,Units,A,Normal value,PU,Public,3.32631587982178,3.32631587982178,3.6189307826087
A,Annual,FIN,Finland,WEF_TTDI_EOSQ654,"Geographically dispersed tourism, 1-7 (best)",IX_1T7,Score 1-7,WEF_TTDI_VAL,Type: Value,WEF_TTDI,Travel & Tourism Development Index (TTDI),0,Units,A,Normal value,PU,Public,3.32631587982178,3.32631587982178,3.6189307826087
A,Annual,FRA,France,WEF_TTDI_EOSQ654,"Geographically dispersed tourism, 1-7 (best)",IX_1T7,Score 1-7,WEF_TTDI_RNK,Type: Rank,WEF_TTDI,Travel & Tourism Development Index (TTDI),0,Units,A,Normal value,PU,Public,36.0,36.0,39.0
A,Annual,FRA,France,WEF_TTDI_EOSQ654,"Geographically dispersed tourism, 1-7 (best)",IX_1T7,Score 1-7,WEF_TTDI_SCR,Type: Score,WEF_TTDI,Travel & Tourism Development Index (TTDI),0,Units,A,Normal value,PU,Public,4.04411745071411,4.04411745071411,4.19064806060606
A,Annual,FRA,France,WEF_TTDI_EOSQ654,"Geographically dispersed tourism, 1-7 (best)",IX_1T7,Score 1-7,WEF_TTDI_VAL,Type: Value,WEF_TTDI,Travel & Tourism Development Index (TTDI),0,Units,A,Normal value,PU,Public,4.04411745071411,4.04411745071411,4.19064806060606
A,Annual,GBR,United Kingdom,WEF_TTDI_EOSQ654,"Geographically dispersed tourism, 1-7 (best)",IX_1T7,Score 1-7,WEF_TTDI_RNK,Type: Rank,WEF_TTDI,Travel & Tourism Development Index (TTDI),0,Units,A,Normal value,PU,Public,72.0,72.0,29.0
A,Annual,GBR,United Kingdom,WEF_TTDI_EOSQ654,"Geographically dispersed tourism, 1-7 (best)",IX_1T7,Score 1-7,WEF_TTDI_SCR,Type: Score,WEF_TTDI,Travel & Tourism Development Index (TTDI),0,Units,A,Normal value,PU,Public,3.29702973365784,3.29702973365784,4.35347525
A,Annual,GBR,United Kingdom,WEF_TTDI_EOSQ654,"Geographically dispersed tourism, 1-7 (best)",IX_1T7,Score 1-7,WEF_TTDI_VAL,Type: Value,WEF_TTDI,Travel & Tourism Development Index (TTDI),0,Units,A,Normal value,PU,Public,3.29702973365784,3.29702973365784,4.35347525
A,Annual,GEO,Georgia,WEF_TTDI_EOSQ654,"Geographically dispersed tourism, 1-7 (best)",IX_1T7,Score 1-7,WEF_TTDI_RNK,Type: Rank,WEF_TTDI,Travel & Tourism Development Index (TTDI),0,Units,A,Normal value,PU,Public,9.0,9.0,4.0
A,Annual,GEO,Georgia,WEF_TTDI_EOSQ654,"Geographically dispersed tourism, 1-7 (best)",IX_1T7,Score 1-7,WEF_TTDI_SCR,Type: Score,WEF_TTDI,Travel & Tourism Development Index (TTDI),0,Units,A,Normal value,PU,Public,4.79411745071411,4.79411745071411,5.0893936038961
A,Annual,GEO,Georgia,WEF_TTDI_EOSQ654,"Geographically dispersed tourism, 1-7 (best)",IX_1T7,Score 1-7,WEF_TTDI_VAL,Type: Value,WEF_TTDI,Travel & Tourism Development Index (TTDI),0,Units,A,Normal value,PU,Public,4.79411745071411,4.79411745071411,5.0893936038961
A,Annual,GHA,Ghana,WEF_TTDI_EOSQ654,"Geographically dispersed tourism, 1-7 (best)",IX_1T7,Score 1-7,WEF_TTDI_RNK,Type: Rank,WEF_TTDI,Travel & Tourism Development Index (TTDI),0,Units,A,Normal value,PU,Public,56.0,56.0,48.0
A,Annual,GHA,Ghana,WEF_TTDI_EOSQ654,"Geographically dispersed tourism, 1-7 (best)",IX_1T7,Score 1-7,WEF_TTDI_SCR,Type: Score,WEF_TTDI,Travel & Tourism Development Index (TTDI),0,Units,A,Normal value,PU,Public,3.54022979736328,3.54022979736328,3.99620723809524
A,Annual,GHA,Ghana,WEF_TTDI_EOSQ654,"Geographically dispersed tourism, 1-7 (best)",IX_1T7,Score 1-7,WEF_TTDI_VAL,Type: Value,WEF_TTDI,Travel & Tourism Development Index (TTDI),0,Units,A,Normal value,PU,Public,3.54022979736328,3.54022979736328,3.99620723809524
A,Annual,GRC,Greece,WEF_TTDI_EOSQ654,"Geographically dispersed tourism, 1-7 (best)",IX_1T7,Score 1-7,WEF_TTDI_RNK,Type: Rank,WEF_TTDI,Travel & Tourism Development Index (TTDI),0,Units,A,Normal value,PU,Public,42.0,42.0,40.0
A,Annual,GRC,Greece,WEF_TTDI_EOSQ654,"Geographically dispersed tourism, 1-7 (best)",IX_1T7,Score 1-7,WEF_TTDI_SCR,Type: Score,WEF_TTDI,Travel & Tourism Development Index (TTDI),0,Units,A,Normal value,PU,Public,3.90909099578857,3.90909099578857,4.17997482741117
A,Annual,GRC,Greece,WEF_TTDI_EOSQ654,"Geographically dispersed tourism, 1-7 (best)",IX_1T7,Score 1-7,WEF_TTDI_VAL,Type: Value,WEF_TTDI,Travel & Tourism Development Index (TTDI),0,Units,A,Normal value,PU,Public,3.90909099578857,3.90909099578857,4.17997482741117
A,Annual,GTM,Guatemala,WEF_TTDI_EOSQ654,"Geographically dispersed tourism, 1-7 (best)",IX_1T7,Score 1-7,WEF_TTDI_RNK,Type: Rank,WEF_TTDI,Travel & Tourism Development Index (TTDI),0,Units,A,Normal value,PU,Public,95.0,95.0,91.0
A,Annual,GTM,Guatemala,WEF_TTDI_EOSQ654,"Geographically dispersed tourism, 1-7 (best)",IX_1T7,Score 1-7,WEF_TTDI_SCR,Type: Score,WEF_TTDI,Travel & Tourism Development Index (TTDI),0,Units,A,Normal value,PU,Public,2.97000002861023,2.97000002861023,3.06560946808511
A,Annual,GTM,Guatemala,WEF_TTDI_EOSQ654,"Geographically dispersed tourism, 1-7 (best)",IX_1T7,Score 1-7,WEF_TTDI_VAL,Type: Value,WEF_TTDI,Travel & Tourism Development Index (TTDI),0,Units,A,Normal value,PU,Public,2.97000002861023,2.97000002861023,3.06560946808511
A,Annual,HIC,High income,WEF_TTDI_EOSQ654,"Geographically dispersed tourism, 1-7 (best)",IX_1T7,Score 1-7,WEF_TTDI_SCR,Type: Score,WEF_TTDI,Travel & Tourism Development Index (TTDI),0,Units,A,Normal value,PU,Public,3.699588950807322,3.699588950807322,3.878260633497341
A,Annual,HIC,High income,WEF_TTDI_EOSQ654,"Geographically dispersed tourism, 1-7 (best)",IX_1T7,Score 1-7,WEF_TTDI_VAL,Type: Value,WEF_TTDI,Travel & Tourism Development Index (TTDI),0,Units,A,Normal value,PU,Public,3.699588950807322,3.699588950807322,3.878260633497341
A,Annual,HND,Honduras,WEF_TTDI_EOSQ654,"Geographically dispersed tourism, 1-7 (best)",IX_1T7,Score 1-7,WEF_TTDI_RNK,Type: Rank,WEF_TTDI,Travel & Tourism Development Index (TTDI),0,Units,A,Normal value,PU,Public,110.0,110.0,103.0
A,Annual,HND,Honduras,WEF_TTDI_EOSQ654,"Geographically dispersed tourism, 1-7 (best)",IX_1T7,Score 1-7,WEF_TTDI_SCR,Type: Score,WEF_TTDI,Travel & Tourism Development Index (TTDI),0,Units,A,Normal value,PU,Public,2.60344839096069,2.60344839096069,2.79802822510822
A,Annual,HND,Honduras,WEF_TTDI_EOSQ654,"Geographically dispersed tourism, 1-7 (best)",IX_1T7,Score 1-7,WEF_TTDI_VAL,Type: Value,WEF_TTDI,Travel & Tourism Development Index (TTDI),0,Units,A,Normal value,PU,Public,2.60344839096069,2.60344839096069,2.79802822510822
A,Annual,HRV,Croatia,WEF_TTDI_EOSQ654,"Geographically dispersed tourism, 1-7 (best)",IX_1T7,Score 1-7,WEF_TTDI_RNK,Type: Rank,WEF_TTDI,Travel & Tourism Development Index (TTDI),0,Units,A,Normal value,PU,Public,45.0,45.0,58.0
A,Annual,HRV,Croatia,WEF_TTDI_EOSQ654,"Geographically dispersed tourism, 1-7 (best)",IX_1T7,Score 1-7,WEF_TTDI_SCR,Type: Score,WEF_TTDI,Travel & Tourism Development Index (TTDI),0,Units,A,Normal value,PU,Public,3.77694439888,3.77694439888,3.77694439888
A,Annual,HRV,Croatia,WEF_TTDI_EOSQ654,"Geographically dispersed tourism, 1-7 (best)",IX_1T7,Score 1-7,WEF_TTDI_VAL,Type: Value,WEF_TTDI,Travel & Tourism Development Index (TTDI),0,Units,A,Normal value,PU,Public,3.77694439888,3.77694439888,3.77694439888
A,Annual,HUN,Hungary,WEF_TTDI_EOSQ654,"Geographically dispersed tourism, 1-7 (best)",IX_1T7,Score 1-7,WEF_TTDI_RNK,Type: Rank,WEF_TTDI,Travel & Tourism Development Index (TTDI),0,Units,A,Normal value,PU,Public,103.0,103.0,74.0
A,Annual,HUN,Hungary,WEF_TTDI_EOSQ654,"Geographically dispersed tourism, 1-7 (best)",IX_1T7,Score 1-7,WEF_TTDI_SCR,Type: Score,WEF_TTDI,Travel & Tourism Development Index (TTDI),0,Units,A,Normal value,PU,Public,2.71604943275452,2.71604943275452,3.41917314285714
A,Annual,HUN,Hungary,WEF_TTDI_EOSQ654,"Geographically dispersed tourism, 1-7 (best)",IX_1T7,Score 1-7,WEF_TTDI_VAL,Type: Value,WEF_TTDI,Travel & Tourism Development Index (TTDI),0,Units,A,Normal value,PU,Public,2.71604943275452,2.71604943275452,3.41917314285714
A,Annual,IDN,Indonesia,WEF_TTDI_EOSQ654,"Geographically dispersed tourism, 1-7 (best)",IX_1T7,Score 1-7,WEF_TTDI_RNK,Type: Rank,WEF_TTDI,Travel & Tourism Development Index (TTDI),0,Units,A,Normal value,PU,Public,8.0,8.0,13.0
A,Annual,IDN,Indonesia,WEF_TTDI_EOSQ654,"Geographically dispersed tourism, 1-7 (best)",IX_1T7,Score 1-7,WEF_TTDI_SCR,Type: Score,WEF_TTDI,Travel & Tourism Development Index (TTDI),0,Units,A,Normal value,PU,Public,4.81415748596191,4.81415748596191,4.79122419895288
A,Annual,IDN,Indonesia,WEF_TTDI_EOSQ654,"Geographically dispersed tourism, 1-7 (best)",IX_1T7,Score 1-7,WEF_TTDI_VAL,Type: Value,WEF_TTDI,Travel & Tourism Development Index (TTDI),0,Units,A,Normal value,PU,Public,4.81415748596191,4.81415748596191,4.79122419895288
A,Annual,IND,India,WEF_TTDI_EOSQ654,"Geographically dispersed tourism, 1-7 (best)",IX_1T7,Score 1-7,WEF_TTDI_RNK,Type: Rank,WEF_TTDI,Travel & Tourism Development Index (TTDI),0,Units,A,Normal value,PU,Public,46.0,46.0,53.0
A,Annual,IND,India,WEF_TTDI_EOSQ654,"Geographically dispersed tourism, 1-7 (best)",IX_1T7,Score 1-7,WEF_TTDI_SCR,Type: Score,WEF_TTDI,Travel & Tourism Development Index (TTDI),0,Units,A,Normal value,PU,Public,3.76806092262268,3.76806092262268,3.86770088151659
A,Annual,IND,India,WEF_TTDI_EOSQ654,"Geographically dispersed tourism, 1-7 (best)",IX_1T7,Score 1-7,WEF_TTDI_VAL,Type: Value,WEF_TTDI,Travel & Tourism Development Index (TTDI),0,Units,A,Normal value,PU,Public,3.76806092262268,3.76806092262268,3.86770088151659
A,Annual,IRL,Ireland,WEF_TTDI_EOSQ654,"Geographically dispersed tourism, 1-7 (best)",IX_1T7,Score 1-7,WEF_TTDI_RNK,Type: Rank,WEF_TTDI,Travel & Tourism Development Index (TTDI),0,Units,A,Normal value,PU,Public,58.0,58.0,64.0
A,Annual,IRL,Ireland,WEF_TTDI_EOSQ654,"Geographically dispersed tourism, 1-7 (best)",IX_1T7,Score 1-7,WEF_TTDI_SCR,Type: Score,WEF_TTDI,Travel & Tourism Development Index (TTDI),0,Units,A,Normal value,PU,Public,3.46875,3.46875,3.59866102531646
A,Annual,IRL,Ireland,WEF_TTDI_EOSQ654,"Geographically dispersed tourism, 1-7 (best)",IX_1T7,Score 1-7,WEF_TTDI_VAL,Type: Value,WEF_TTDI,Travel & Tourism Development Index (TTDI),0,Units,A,Normal value,PU,Public,3.46875,3.46875,3.59866102531646
A,Annual,IRN,"Iran, Islamic Rep.",WEF_TTDI_EOSQ654,"Geographically dispersed tourism, 1-7 (best)",IX_1T7,Score 1-7,WEF_TTDI_RNK,Type: Rank,WEF_TTDI,Travel & Tourism Development Index (TTDI),0,Units,A,Normal value,PU,Public,112.0,112.0,115.0
A,Annual,IRN,"Iran, Islamic Rep.",WEF_TTDI_EOSQ654,"Geographically dispersed tourism, 1-7 (best)",IX_1T7,Score 1-7,WEF_TTDI_SCR,Type: Score,WEF_TTDI,Travel & Tourism Development Index (TTDI),0,Units,A,Normal value,PU,Public,2.55371904373169,2.55371904373169,2.47938884210526
A,Annual,IRN,"Iran, Islamic Rep.",WEF_TTDI_EOSQ654,"Geographically dispersed tourism, 1-7 (best)",IX_1T7,Score 1-7,WEF_TTDI_VAL,Type: Value,WEF_TTDI,Travel & Tourism Development Index (TTDI),0,Units,A,Normal value,PU,Public,2.55371904373169,2.55371904373169,2.47938884210526
A,Annual,ISL,Iceland,WEF_TTDI_EOSQ654,"Geographically dispersed tourism, 1-7 (best)",IX_1T7,Score 1-7,WEF_TTDI_RNK,Type: Rank,WEF_TTDI,Travel & Tourism Development Index (TTDI),0,Units,A,Normal value,PU,Public,49.0,49.0,67.0
A,Annual,ISL,Iceland,WEF_TTDI_EOSQ654,"Geographically dispersed tourism, 1-7 (best)",IX_1T7,Score 1-7,WEF_TTDI_SCR,Type: Score,WEF_TTDI,Travel & Tourism Development Index (TTDI),0,Units,A,Normal value,PU,Public,3.7254900932312,3.7254900932312,3.51332583333333
A,Annual,ISL,Iceland,WEF_TTDI_EOSQ654,"Geographically dispersed tourism, 1-7 (best)",IX_1T7,Score 1-7,WEF_TTDI_VAL,Type: Value,WEF_TTDI,Travel & Tourism Development Index (TTDI),0,Units,A,Normal value,PU,Public,3.7254900932312,3.7254900932312,3.51332583333333
A,Annual,ISR,Israel,WEF_TTDI_EOSQ654,"Geographically dispersed tourism, 1-7 (best)",IX_1T7,Score 1-7,WEF_TTDI_RNK,Type: Rank,WEF_TTDI,Travel & Tourism Development Index (TTDI),0,Units,A,Normal value,PU,Public,22.0,22.0,42.0
A,Annual,ISR,Israel,WEF_TTDI_EOSQ654,"Geographically dispersed tourism, 1-7 (best)",IX_1T7,Score 1-7,WEF_TTDI_SCR,Type: Score,WEF_TTDI,Travel & Tourism Development Index (TTDI),0,Units,A,Normal value,PU,Public,4.43589735031128,4.43589735031128,4.11144363636364
A,Annual,ISR,Israel,WEF_TTDI_EOSQ654,"Geographically dispersed tourism, 1-7 (best)",IX_1T7,Score 1-7,WEF_TTDI_VAL,Type: Value,WEF_TTDI,Travel & Tourism Development Index (TTDI),0,Units,A,Normal value,PU,Public,4.43589735031128,4.43589735031128,4.11144363636364
A,Annual,ITA,Italy,WEF_TTDI_EOSQ654,"Geographically dispersed tourism, 1-7 (best)",IX_1T7,Score 1-7,WEF_TTDI_RNK,Type: Rank,WEF_TTDI,Travel & Tourism Development Index (TTDI),0,Units,A,Normal value,PU,Public,7.0,7.0,6.0
A,Annual,ITA,Italy,WEF_TTDI_EOSQ654,"Geographically dispersed tourism, 1-7 (best)",IX_1T7,Score 1-7,WEF_TTDI_SCR,Type: Score,WEF_TTDI,Travel & Tourism Development Index (TTDI),0,Units,A,Normal value,PU,Public,4.82524251937866,4.82524251937866,5.06790047058824
A,Annual,ITA,Italy,WEF_TTDI_EOSQ654,"Geographically dispersed tourism, 1-7 (best)",IX_1T7,Score 1-7,WEF_TTDI_VAL,Type: Value,WEF_TTDI,Travel & Tourism Development Index (TTDI),0,Units,A,Normal value,PU,Public,4.82524251937866,4.82524251937866,5.06790047058824
A,Annual,JAM,Jamaica,WEF_TTDI_EOSQ654,"Geographically dispersed tourism, 1-7 (best)",IX_1T7,Score 1-7,WEF_TTDI_RNK,Type: Rank,WEF_TTDI,Travel & Tourism Development Index (TTDI),0,Units,A,Normal value,PU,Public,104.0,104.0,101.0
A,Annual,JAM,Jamaica,WEF_TTDI_EOSQ654,"Geographically dispersed tourism, 1-7 (best)",IX_1T7,Score 1-7,WEF_TTDI_SCR,Type: Score,WEF_TTDI,Travel & Tourism Development Index (TTDI),0,Units,A,Normal value,PU,Public,2.7013,2.7013,2.90889465217391
A,Annual,JAM,Jamaica,WEF_TTDI_EOSQ654,"Geographically dispersed tourism, 1-7 (best)",IX_1T7,Score 1-7,WEF_TTDI_VAL,Type: Value,WEF_TTDI,Travel & Tourism Development Index (TTDI),0,Units,A,Normal value,PU,Public,2.7013,2.7013,2.90889465217391
A,Annual,JOR,Jordan,WEF_TTDI_EOSQ654,"Geographically dispersed tourism, 1-7 (best)",IX_1T7,Score 1-7,WEF_TTDI_RNK,Type: Rank,WEF_TTDI,Travel & Tourism Development Index (TTDI),0,Units,A,Normal value,PU,Public,23.0,23.0,9.0
A,Annual,JOR,Jordan,WEF_TTDI_EOSQ654,"Geographically dispersed tourism, 1-7 (best)",IX_1T7,Score 1-7,WEF_TTDI_SCR,Type: Score,WEF_TTDI,Travel & Tourism Development Index (TTDI),0,Units,A,Normal value,PU,Public,4.42682933807373,4.42682933807373,4.95700147126437
A,Annual,JOR,Jordan,WEF_TTDI_EOSQ654,"Geographically dispersed tourism, 1-7 (best)",IX_1T7,Score 1-7,WEF_TTDI_VAL,Type: Value,WEF_TTDI,Travel & Tourism Development Index (TTDI),0,Units,A,Normal value,PU,Public,4.42682933807373,4.42682933807373,4.95700147126437
A,Annual,JPN,Japan,WEF_TTDI_EOSQ654,"Geographically dispersed tourism, 1-7 (best)",IX_1T7,Score 1-7,WEF_TTDI_RNK,Type: Rank,WEF_TTDI,Travel & Tourism Development Index (TTDI),0,Units,A,Normal value,PU,Public,82.0,82.0,81.0
A,Annual,JPN,Japan,WEF_TTDI_EOSQ654,"Geographically dispersed tourism, 1-7 (best)",IX_1T7,Score 1-7,WEF_TTDI_SCR,Type: Score,WEF_TTDI,Travel & Tourism Development Index (TTDI),0,Units,A,Normal value,PU,Public,3.22077918052673,3.22077918052673,3.27068469298246
A,Annual,JPN,Japan,WEF_TTDI_EOSQ654,"Geographically dispersed tourism, 1-7 (best)",IX_1T7,Score 1-7,WEF_TTDI_VAL,Type: Value,WEF_TTDI,Travel & Tourism Development Index (TTDI),0,Units,A,Normal value,PU,Public,3.22077918052673,3.22077918052673,3.27068469298246
A,Annual,KAZ,Kazakhstan,WEF_TTDI_EOSQ654,"Geographically dispersed tourism, 1-7 (best)",IX_1T7,Score 1-7,WEF_TTDI_RNK,Type: Rank,WEF_TTDI,Travel & Tourism Development Index (TTDI),0,Units,A,Normal value,PU,Public,77.0,77.0,94.0
A,Annual,KAZ,Kazakhstan,WEF_TTDI_EOSQ654,"Geographically dispersed tourism, 1-7 (best)",IX_1T7,Score 1-7,WEF_TTDI_SCR,Type: Score,WEF_TTDI,Travel & Tourism Development Index (TTDI),0,Units,A,Normal value,PU,Public,3.26250004768372,3.26250004768372,3.0519245
A,Annual,KAZ,Kazakhstan,WEF_TTDI_EOSQ654,"Geographically dispersed tourism, 1-7 (best)",IX_1T7,Score 1-7,WEF_TTDI_VAL,Type: Value,WEF_TTDI,Travel & Tourism Development Index (TTDI),0,Units,A,Normal value,PU,Public,3.26250004768372,3.26250004768372,3.0519245
A,Annual,KEN,Kenya,WEF_TTDI_EOSQ654,"Geographically dispersed tourism, 1-7 (best)",IX_1T7,Score 1-7,WEF_TTDI_RNK,Type: Rank,WEF_TTDI,Travel & Tourism Development Index (TTDI),0,Units,A,Normal value,PU,Public,65.0,65.0,73.0
A,Annual,KEN,Kenya,WEF_TTDI_EOSQ654,"Geographically dispersed tourism, 1-7 (best)",IX_1T7,Score 1-7,WEF_TTDI_SCR,Type: Score,WEF_TTDI,Travel & Tourism Development Index (TTDI),0,Units,A,Normal value,PU,Public,3.36046504974365,3.36046504974365,3.4602368245614
A,Annual,KEN,Kenya,WEF_TTDI_EOSQ654,"Geographically dispersed tourism, 1-7 (best)",IX_1T7,Score 1-7,WEF_TTDI_VAL,Type: Value,WEF_TTDI,Travel & Tourism Development Index (TTDI),0,Units,A,Normal value,PU,Public,3.36046504974365,3.36046504974365,3.4602368245614
A,Annual,KGZ,Kyrgyz Republic,WEF_TTDI_EOSQ654,"Geographically dispersed tourism, 1-7 (best)",IX_1T7,Score 1-7,WEF_TTDI_RNK,Type: Rank,WEF_TTDI,Travel & Tourism Development Index (TTDI),0,Units,A,Normal value,PU,Public,29.0,29.0,35.0
A,Annual,KGZ,Kyrgyz Republic,WEF_TTDI_EOSQ654,"Geographically dispersed tourism, 1-7 (best)",IX_1T7,Score 1-7,WEF_TTDI_SCR,Type: Score,WEF_TTDI,Travel & Tourism Development Index (TTDI),0,Units,A,Normal value,PU,Public,4.2315788269043,4.2315788269043,4.2655705786802
A,Annual,KGZ,Kyrgyz Republic,WEF_TTDI_EOSQ654,"Geographically dispersed tourism, 1-7 (best)",IX_1T7,Score 1-7,WEF_TTDI_VAL,Type: Value,WEF_TTDI,Travel & Tourism Development Index (TTDI),0,Units,A,Normal value,PU,Public,4.2315788269043,4.2315788269043,4.2655705786802
A,Annual,KHM,Cambodia,WEF_TTDI_EOSQ654,"Geographically dispersed tourism, 1-7 (best)",IX_1T7,Score 1-7,WEF_TTDI_RNK,Type: Rank,WEF_TTDI,Travel & Tourism Development Index (TTDI),0,Units,A,Normal value,PU,Public,37.0,37.0,44.0
A,Annual,KHM,Cambodia,WEF_TTDI_EOSQ654,"Geographically dispersed tourism, 1-7 (best)",IX_1T7,Score 1-7,WEF_TTDI_SCR,Type: Score,WEF_TTDI,Travel & Tourism Development Index (TTDI),0,Units,A,Normal value,PU,Public,4.03508758544922,4.03508758544922,4.0902813030303
A,Annual,KHM,Cambodia,WEF_TTDI_EOSQ654,"Geographically dispersed tourism, 1-7 (best)",IX_1T7,Score 1-7,WEF_TTDI_VAL,Type: Value,WEF_TTDI,Travel & Tourism Development Index (TTDI),0,Units,A,Normal value,PU,Public,4.03508758544922,4.03508758544922,4.0902813030303
A,Annual,KOR,"Korea, Rep.",WEF_TTDI_EOSQ654,"Geographically dispersed tourism, 1-7 (best)",IX_1T7,Score 1-7,WEF_TTDI_RNK,Type: Rank,WEF_TTDI,Travel & Tourism Development Index (TTDI),0,Units,A,Normal value,PU,Public,83.0,83.0,89.0
A,Annual,KOR,"Korea, Rep.",WEF_TTDI_EOSQ654,"Geographically dispersed tourism, 1-7 (best)",IX_1T7,Score 1-7,WEF_TTDI_SCR,Type: Score,WEF_TTDI,Travel & Tourism Development Index (TTDI),0,Units,A,Normal value,PU,Public,3.19000005722046,3.19000005722046,3.1298645
A,Annual,KOR,"Korea, Rep.",WEF_TTDI_EOSQ654,"Geographically dispersed tourism, 1-7 (best)",IX_1T7,Score 1-7,WEF_TTDI_VAL,Type: Value,WEF_TTDI,Travel & Tourism Development Index (TTDI),0,Units,A,Normal value,PU,Public,3.19000005722046,3.19000005722046,3.1298645
A,Annual,KWT,Kuwait,WEF_TTDI_EOSQ654,"Geographically dispersed tourism, 1-7 (best)",IX_1T7,Score 1-7,WEF_TTDI_RNK,Type: Rank,WEF_TTDI,Travel & Tourism Development Index (TTDI),0,Units,A,Normal value,PU,Public,43.0,43.0,80.0
A,Annual,KWT,Kuwait,WEF_TTDI_EOSQ654,"Geographically dispersed tourism, 1-7 (best)",IX_1T7,Score 1-7,WEF_TTDI_SCR,Type: Score,WEF_TTDI,Travel & Tourism Development Index (TTDI),0,Units,A,Normal value,PU,Public,3.79545450210571,3.79545450210571,3.31987692168675
A,Annual,KWT,Kuwait,WEF_TTDI_EOSQ654,"Geographically dispersed tourism, 1-7 (best)",IX_1T7,Score 1-7,WEF_TTDI_VAL,Type: Value,WEF_TTDI,Travel & Tourism Development Index (TTDI),0,Units,A,Normal value,PU,Public,3.79545450210571,3.79545450210571,3.31987692168675
A,Annual,LAO,Lao PDR,WEF_TTDI_EOSQ654,"Geographically dispersed tourism, 1-7 (best)",IX_1T7,Score 1-7,WEF_TTDI_RNK,Type: Rank,WEF_TTDI,Travel & Tourism Development Index (TTDI),0,Units,A,Normal value,PU,Public,31.0,31.0,37.0
A,Annual,LAO,Lao PDR,WEF_TTDI_EOSQ654,"Geographically dispersed tourism, 1-7 (best)",IX_1T7,Score 1-7,WEF_TTDI_SCR,Type: Score,WEF_TTDI,Travel & Tourism Development Index (TTDI),0,Units,A,Normal value,PU,Public,4.18333339691162,4.18333339691162,4.2425250964467
A,Annual,LAO,Lao PDR,WEF_TTDI_EOSQ654,"Geographically dispersed tourism, 1-7 (best)",IX_1T7,Score 1-7,WEF_TTDI_VAL,Type: Value,WEF_TTDI,Travel & Tourism Development Index (TTDI),0,Units,A,Normal value,PU,Public,4.18333339691162,4.18333339691162,4.2425250964467
A,Annual,LBN,Lebanon,WEF_TTDI_EOSQ654,"Geographically dispersed tourism, 1-7 (best)",IX_1T7,Score 1-7,WEF_TTDI_RNK,Type: Rank,WEF_TTDI,Travel & Tourism Development Index (TTDI),0,Units,A,Normal value,PU,Public,76.0,76.0,82.0
A,Annual,LBN,Lebanon,WEF_TTDI_EOSQ654,"Geographically dispersed tourism, 1-7 (best)",IX_1T7,Score 1-7,WEF_TTDI_SCR,Type: Score,WEF_TTDI,Travel & Tourism Development Index (TTDI),0,Units,A,Normal value,PU,Public,3.26666665077209,3.26666665077209,3.26666665077209
A,Annual,LBN,Lebanon,WEF_TTDI_EOSQ654,"Geographically dispersed tourism, 1-7 (best)",IX_1T7,Score 1-7,WEF_TTDI_VAL,Type: Value,WEF_TTDI,Travel & Tourism Development Index (TTDI),0,Units,A,Normal value,PU,Public,3.26666665077209,3.26666665077209,3.26666665077209
A,Annual,LIC,Low income,WEF_TTDI_EOSQ654,"Geographically dispersed tourism, 1-7 (best)",IX_1T7,Score 1-7,WEF_TTDI_SCR,Type: Score,WEF_TTDI,Travel & Tourism Development Index (TTDI),0,Units,A,Normal value,PU,Public,3.4005090594291705,3.4005090594291705,3.593037628218118
A,Annual,LIC,Low income,WEF_TTDI_EOSQ654,"Geographically dispersed tourism, 1-7 (best)",IX_1T7,Score 1-7,WEF_TTDI_VAL,Type: Value,WEF_TTDI,Travel & Tourism Development Index (TTDI),0,Units,A,Normal value,PU,Public,3.4005090594291705,3.4005090594291705,3.593037628218118
A,Annual,LKA,Sri Lanka,WEF_TTDI_EOSQ654,"Geographically dispersed tourism, 1-7 (best)",IX_1T7,Score 1-7,WEF_TTDI_RNK,Type: Rank,WEF_TTDI,Travel & Tourism Development Index (TTDI),0,Units,A,Normal value,PU,Public,18.0,18.0,55.0
A,Annual,LKA,Sri Lanka,WEF_TTDI_EOSQ654,"Geographically dispersed tourism, 1-7 (best)",IX_1T7,Score 1-7,WEF_TTDI_SCR,Type: Score,WEF_TTDI,Travel & Tourism Development Index (TTDI),0,Units,A,Normal value,PU,Public,4.49333333969116,4.49333333969116,3.84330123602484
A,Annual,LKA,Sri Lanka,WEF_TTDI_EOSQ654,"Geographically dispersed tourism, 1-7 (best)",IX_1T7,Score 1-7,WEF_TTDI_VAL,Type: Value,WEF_TTDI,Travel & Tourism Development Index (TTDI),0,Units,A,Normal value,PU,Public,4.49333333969116,4.49333333969116,3.84330123602484
A,Annual,LMC,Lower middle income,WEF_TTDI_EOSQ654,"Geographically dispersed tourism, 1-7 (best)",IX_1T7,Score 1-7,WEF_TTDI_SCR,Type: Score,WEF_TTDI,Travel & Tourism Development Index (TTDI),0,Units,A,Normal value,PU,Public,3.540910537708507,3.540910537708507,3.664044118141359
A,Annual,LMC,Lower middle income,WEF_TTDI_EOSQ654,"Geographically dispersed tourism, 1-7 (best)",IX_1T7,Score 1-7,WEF_TTDI_VAL,Type: Value,WEF_TTDI,Travel & Tourism Development Index (TTDI),0,Units,A,Normal value,PU,Public,3.540910537708507,3.540910537708507,3.664044118141359
A,Annual,LTU,Lithuania,WEF_TTDI_EOSQ654,"Geographically dispersed tourism, 1-7 (best)",IX_1T7,Score 1-7,WEF_TTDI_RNK,Type: Rank,WEF_TTDI,Travel & Tourism Development Index (TTDI),0,Units,A,Normal value,PU,Public,86.0,86.0,83.0
A,Annual,LTU,Lithuania,WEF_TTDI_EOSQ654,"Geographically dispersed tourism, 1-7 (best)",IX_1T7,Score 1-7,WEF_TTDI_SCR,Type: Score,WEF_TTDI,Travel & Tourism Development Index (TTDI),0,Units,A,Normal value,PU,Public,3.15053772926331,3.15053772926331,3.24500671586716
A,Annual,LTU,Lithuania,WEF_TTDI_EOSQ654,"Geographically dispersed tourism, 1-7 (best)",IX_1T7,Score 1-7,WEF_TTDI_VAL,Type: Value,WEF_TTDI,Travel & Tourism Development Index (TTDI),0,Units,A,Normal value,PU,Public,3.15053772926331,3.15053772926331,3.24500671586716
A,Annual,LUX,Luxembourg,WEF_TTDI_EOSQ654,"Geographically dispersed tourism, 1-7 (best)",IX_1T7,Score 1-7,WEF_TTDI_RNK,Type: Rank,WEF_TTDI,Travel & Tourism Development Index (TTDI),0,Units,A,Normal value,PU,Public,69.0,69.0,54.0
A,Annual,LUX,Luxembourg,WEF_TTDI_EOSQ654,"Geographically dispersed tourism, 1-7 (best)",IX_1T7,Score 1-7,WEF_TTDI_SCR,Type: Score,WEF_TTDI,Travel & Tourism Development Index (TTDI),0,Units,A,Normal value,PU,Public,3.31111121177673,3.31111121177673,3.84516924528302
A,Annual,LUX,Luxembourg,WEF_TTDI_EOSQ654,"Geographically dispersed tourism, 1-7 (best)",IX_1T7,Score 1-7,WEF_TTDI_VAL,Type: Value,WEF_TTDI,Travel & Tourism Development Index (TTDI),0,Units,A,Normal value,PU,Public,3.31111121177673,3.31111121177673,3.84516924528302
A,Annual,LVA,Latvia,WEF_TTDI_EOSQ654,"Geographically dispersed tourism, 1-7 (best)",IX_1T7,Score 1-7,WEF_TTDI_RNK,Type: Rank,WEF_TTDI,Travel & Tourism Development Index (TTDI),0,Units,A,Normal value,PU,Public,75.0,75.0,99.0
A,Annual,LVA,Latvia,WEF_TTDI_EOSQ654,"Geographically dispersed tourism, 1-7 (best)",IX_1T7,Score 1-7,WEF_TTDI_SCR,Type: Score,WEF_TTDI,Travel & Tourism Development Index (TTDI),0,Units,A,Normal value,PU,Public,3.27058815956116,3.27058815956116,2.95554823863636
A,Annual,LVA,Latvia,WEF_TTDI_EOSQ654,"Geographically dispersed tourism, 1-7 (best)",IX_1T7,Score 1-7,WEF_TTDI_VAL,Type: Value,WEF_TTDI,Travel & Tourism Development Index (TTDI),0,Units,A,Normal value,PU,Public,3.27058815956116,3.27058815956116,2.95554823863636
A,Annual,MAR,Morocco,WEF_TTDI_EOSQ654,"Geographically dispersed tourism, 1-7 (best)",IX_1T7,Score 1-7,WEF_TTDI_RNK,Type: Rank,WEF_TTDI,Travel & Tourism Development Index (TTDI),0,Units,A,Normal value,PU,Public,51.0,51.0,56.0
A,Annual,MAR,Morocco,WEF_TTDI_EOSQ654,"Geographically dispersed tourism, 1-7 (best)",IX_1T7,Score 1-7,WEF_TTDI_SCR,Type: Score,WEF_TTDI,Travel & Tourism Development Index (TTDI),0,Units,A,Normal value,PU,Public,3.71875,3.71875,3.790162
A,Annual,MAR,Morocco,WEF_TTDI_EOSQ654,"Geographically dispersed tourism, 1-7 (best)",IX_1T7,Score 1-7,WEF_TTDI_VAL,Type: Value,WEF_TTDI,Travel & Tourism Development Index (TTDI),0,Units,A,Normal value,PU,Public,3.71875,3.71875,3.790162
A,Annual,MDA,Moldova,WEF_TTDI_EOSQ654,"Geographically dispersed tourism, 1-7 (best)",IX_1T7,Score 1-7,WEF_TTDI_RNK,Type: Rank,WEF_TTDI,Travel & Tourism Development Index (TTDI),0,Units,A,Normal value,PU,Public,91.0,91.0,95.0
A,Annual,MDA,Moldova,WEF_TTDI_EOSQ654,"Geographically dispersed tourism, 1-7 (best)",IX_1T7,Score 1-7,WEF_TTDI_SCR,Type: Score,WEF_TTDI,Travel & Tourism Development Index (TTDI),0,Units,A,Normal value,PU,Public,3.03076934814453,3.03076934814453,3.03076934814453
A,Annual,MDA,Moldova,WEF_TTDI_EOSQ654,"Geographically dispersed tourism, 1-7 (best)",IX_1T7,Score 1-7,WEF_TTDI_VAL,Type: Value,WEF_TTDI,Travel & Tourism Development Index (TTDI),0,Units,A,Normal value,PU,Public,3.03076934814453,3.03076934814453,3.03076934814453
A,Annual,MEX,Mexico,WEF_TTDI_EOSQ654,"Geographically dispersed tourism, 1-7 (best)",IX_1T7,Score 1-7,WEF_TTDI_RNK,Type: Rank,WEF_TTDI,Travel & Tourism Development Index (TTDI),0,Units,A,Normal value,PU,Public,80.0,80.0,76.0
A,Annual,MEX,Mexico,WEF_TTDI_EOSQ654,"Geographically dispersed tourism, 1-7 (best)",IX_1T7,Score 1-7,WEF_TTDI_SCR,Type: Score,WEF_TTDI,Travel & Tourism Development Index (TTDI),0,Units,A,Normal value,PU,Public,3.23711347579956,3.23711347579956,3.38150815789474
A,Annual,MEX,Mexico,WEF_TTDI_EOSQ654,"Geographically dispersed tourism, 1-7 (best)",IX_1T7,Score 1-7,WEF_TTDI_VAL,Type: Value,WEF_TTDI,Travel & Tourism Development Index (TTDI),0,Units,A,Normal value,PU,Public,3.23711347579956,3.23711347579956,3.38150815789474
A,Annual,MKD,North Macedonia,WEF_TTDI_EOSQ654,"Geographically dispersed tourism, 1-7 (best)",IX_1T7,Score 1-7,WEF_TTDI_RNK,Type: Rank,WEF_TTDI,Travel & Tourism Development Index (TTDI),0,Units,A,Normal value,PU,Public,108.0,108.0,93.0
A,Annual,MKD,North Macedonia,WEF_TTDI_EOSQ654,"Geographically dispersed tourism, 1-7 (best)",IX_1T7,Score 1-7,WEF_TTDI_SCR,Type: Score,WEF_TTDI,Travel & Tourism Development Index (TTDI),0,Units,A,Normal value,PU,Public,2.625,2.625,3.06117469863014
A,Annual,MKD,North Macedonia,WEF_TTDI_EOSQ654,"Geographically dispersed tourism, 1-7 (best)",IX_1T7,Score 1-7,WEF_TTDI_VAL,Type: Value,WEF_TTDI,Travel & Tourism Development Index (TTDI),0,Units,A,Normal value,PU,Public,2.625,2.625,3.06117469863014
A,Annual,MLI,Mali,WEF_TTDI_EOSQ654,"Geographically dispersed tourism, 1-7 (best)",IX_1T7,Score 1-7,WEF_TTDI_RNK,Type: Rank,WEF_TTDI,Travel & Tourism Development Index (TTDI),0,Units,A,Normal value,PU,Public,93.0,93.0,70.0
A,Annual,MLI,Mali,WEF_TTDI_EOSQ654,"Geographically dispersed tourism, 1-7 (best)",IX_1T7,Score 1-7,WEF_TTDI_SCR,Type: Score,WEF_TTDI,Travel & Tourism Development Index (TTDI),0,Units,A,Normal value,PU,Public,3.0238094329834,3.0238094329834,3.49362027777778
A,Annual,MLI,Mali,WEF_TTDI_EOSQ654,"Geographically dispersed tourism, 1-7 (best)",IX_1T7,Score 1-7,WEF_TTDI_VAL,Type: Value,WEF_TTDI,Travel & Tourism Development Index (TTDI),0,Units,A,Normal value,PU,Public,3.0238094329834,3.0238094329834,3.49362027777778
A,Annual,MLT,Malta,WEF_TTDI_EOSQ654,"Geographically dispersed tourism, 1-7 (best)",IX_1T7,Score 1-7,WEF_TTDI_RNK,Type: Rank,WEF_TTDI,Travel & Tourism Development Index (TTDI),0,Units,A,Normal value,PU,Public,60.0,60.0,59.0
A,Annual,MLT,Malta,WEF_TTDI_EOSQ654,"Geographically dispersed tourism, 1-7 (best)",IX_1T7,Score 1-7,WEF_TTDI_SCR,Type: Score,WEF_TTDI,Travel & Tourism Development Index (TTDI),0,Units,A,Normal value,PU,Public,3.43103456497192,3.43103456497192,3.74257761904762
A,Annual,MLT,Malta,WEF_TTDI_EOSQ654,"Geographically dispersed tourism, 1-7 (best)",IX_1T7,Score 1-7,WEF_TTDI_VAL,Type: Value,WEF_TTDI,Travel & Tourism Development Index (TTDI),0,Units,A,Normal value,PU,Public,3.43103456497192,3.43103456497192,3.74257761904762
A,Annual,MNE,Montenegro,WEF_TTDI_EOSQ654,"Geographically dispersed tourism, 1-7 (best)",IX_1T7,Score 1-7,WEF_TTDI_RNK,Type: Rank,WEF_TTDI,Travel & Tourism Development Index (TTDI),0,Units,A,Normal value,PU,Public,47.0,47.0,34.0
A,Annual,MNE,Montenegro,WEF_TTDI_EOSQ654,"Geographically dispersed tourism, 1-7 (best)",IX_1T7,Score 1-7,WEF_TTDI_SCR,Type: Score,WEF_TTDI,Travel & Tourism Development Index (TTDI),0,Units,A,Normal value,PU,Public,3.75384616851807,3.75384616851807,4.27564448648649
A,Annual,MNE,Montenegro,WEF_TTDI_EOSQ654,"Geographically dispersed tourism, 1-7 (best)",IX_1T7,Score 1-7,WEF_TTDI_VAL,Type: Value,WEF_TTDI,Travel & Tourism Development Index (TTDI),0,Units,A,Normal value,PU,Public,3.75384616851807,3.75384616851807,4.27564448648649
A,Annual,MNG,Mongolia,WEF_TTDI_EOSQ654,"Geographically dispersed tourism, 1-7 (best)",IX_1T7,Score 1-7,WEF_TTDI_RNK,Type: Rank,WEF_TTDI,Travel & Tourism Development Index (TTDI),0,Units,A,Normal value,PU,Public,84.0,84.0,96.0
A,Annual,MNG,Mongolia,WEF_TTDI_EOSQ654,"Geographically dispersed tourism, 1-7 (best)",IX_1T7,Score 1-7,WEF_TTDI_SCR,Type: Score,WEF_TTDI,Travel & Tourism Development Index (TTDI),0,Units,A,Normal value,PU,Public,3.17857146263123,3.17857146263123,3.02712574850299
A,Annual,MNG,Mongolia,WEF_TTDI_EOSQ654,"Geographically dispersed tourism, 1-7 (best)",IX_1T7,Score 1-7,WEF_TTDI_VAL,Type: Value,WEF_TTDI,Travel & Tourism Development Index (TTDI),0,Units,A,Normal value,PU,Public,3.17857146263123,3.17857146263123,3.02712574850299
A,Annual,MUS,Mauritius,WEF_TTDI_EOSQ654,"Geographically dispersed tourism, 1-7 (best)",IX_1T7,Score 1-7,WEF_TTDI_RNK,Type: Rank,WEF_TTDI,Travel & Tourism Development Index (TTDI),0,Units,A,Normal value,PU,Public,33.0,33.0,38.0
A,Annual,MUS,Mauritius,WEF_TTDI_EOSQ654,"Geographically dispersed tourism, 1-7 (best)",IX_1T7,Score 1-7,WEF_TTDI_SCR,Type: Score,WEF_TTDI,Travel & Tourism Development Index (TTDI),0,Units,A,Normal value,PU,Public,4.1076922416687,4.1076922416687,4.21785037962963
A,Annual,MUS,Mauritius,WEF_TTDI_EOSQ654,"Geographically dispersed tourism, 1-7 (best)",IX_1T7,Score 1-7,WEF_TTDI_VAL,Type: Value,WEF_TTDI,Travel & Tourism Development Index (TTDI),0,Units,A,Normal value,PU,Public,4.1076922416687,4.1076922416687,4.21785037962963
A,Annual,MWI,Malawi,WEF_TTDI_EOSQ654,"Geographically dispersed tourism, 1-7 (best)",IX_1T7,Score 1-7,WEF_TTDI_RNK,Type: Rank,WEF_TTDI,Travel & Tourism Development Index (TTDI),0,Units,A,Normal value,PU,Public,50.0,50.0,62.0
A,Annual,MWI,Malawi,WEF_TTDI_EOSQ654,"Geographically dispersed tourism, 1-7 (best)",IX_1T7,Score 1-7,WEF_TTDI_SCR,Type: Score,WEF_TTDI,Travel & Tourism Development Index (TTDI),0,Units,A,Normal value,PU,Public,3.72151899337769,3.72151899337769,3.683206671875
A,Annual,MWI,Malawi,WEF_TTDI_EOSQ654,"Geographically dispersed tourism, 1-7 (best)",IX_1T7,Score 1-7,WEF_TTDI_VAL,Type: Value,WEF_TTDI,Travel & Tourism Development Index (TTDI),0,Units,A,Normal value,PU,Public,3.72151899337769,3.72151899337769,3.683206671875
A,Annual,MYS,Malaysia,WEF_TTDI_EOSQ654,"Geographically dispersed tourism, 1-7 (best)",IX_1T7,Score 1-7,WEF_TTDI_RNK,Type: Rank,WEF_TTDI,Travel & Tourism Development Index (TTDI),0,Units,A,Normal value,PU,Public,34.0,34.0,28.0
A,Annual,MYS,Malaysia,WEF_TTDI_EOSQ654,"Geographically dispersed tourism, 1-7 (best)",IX_1T7,Score 1-7,WEF_TTDI_SCR,Type: Score,WEF_TTDI,Travel & Tourism Development Index (TTDI),0,Units,A,Normal value,PU,Public,4.06451606750488,4.06451606750488,4.35471783458647
A,Annual,MYS,Malaysia,WEF_TTDI_EOSQ654,"Geographically dispersed tourism, 1-7 (best)",IX_1T7,Score 1-7,WEF_TTDI_VAL,Type: Value,WEF_TTDI,Travel & Tourism Development Index (TTDI),0,Units,A,Normal value,PU,Public,4.06451606750488,4.06451606750488,4.35471783458647
A,Annual,NAM,Namibia,WEF_TTDI_EOSQ654,"Geographically dispersed tourism, 1-7 (best)",IX_1T7,Score 1-7,WEF_TTDI_RNK,Type: Rank,WEF_TTDI,Travel & Tourism Development Index (TTDI),0,Units,A,Normal value,PU,Public,17.0,17.0,15.0
A,Annual,NAM,Namibia,WEF_TTDI_EOSQ654,"Geographically dispersed tourism, 1-7 (best)",IX_1T7,Score 1-7,WEF_TTDI_SCR,Type: Score,WEF_TTDI,Travel & Tourism Development Index (TTDI),0,Units,A,Normal value,PU,Public,4.56140327453613,4.56140327453613,4.69415948717949
A,Annual,NAM,Namibia,WEF_TTDI_EOSQ654,"Geographically dispersed tourism, 1-7 (best)",IX_1T7,Score 1-7,WEF_TTDI_VAL,Type: Value,WEF_TTDI,Travel & Tourism Development Index (TTDI),0,Units,A,Normal value,PU,Public,4.56140327453613,4.56140327453613,4.69415948717949
A,Annual,NGA,Nigeria,WEF_TTDI_EOSQ654,"Geographically dispersed tourism, 1-7 (best)",IX_1T7,Score 1-7,WEF_TTDI_RNK,Type: Rank,WEF_TTDI,Travel & Tourism Development Index (TTDI),0,Units,A,Normal value,PU,Public,117.0,117.0,117.0
A,Annual,NGA,Nigeria,WEF_TTDI_EOSQ654,"Geographically dispersed tourism, 1-7 (best)",IX_1T7,Score 1-7,WEF_TTDI_SCR,Type: Score,WEF_TTDI,Travel & Tourism Development Index (TTDI),0,Units,A,Normal value,PU,Public,2.24137926101685,2.24137926101685,2.34661404651163
A,Annual,NGA,Nigeria,WEF_TTDI_EOSQ654,"Geographically dispersed tourism, 1-7 (best)",IX_1T7,Score 1-7,WEF_TTDI_VAL,Type: Value,WEF_TTDI,Travel & Tourism Development Index (TTDI),0,Units,A,Normal value,PU,Public,2.24137926101685,2.24137926101685,2.34661404651163
A,Annual,NIC,Nicaragua,WEF_TTDI_EOSQ654,"Geographically dispersed tourism, 1-7 (best)",IX_1T7,Score 1-7,WEF_TTDI_RNK,Type: Rank,WEF_TTDI,Travel & Tourism Development Index (TTDI),0,Units,A,Normal value,PU,Public,113.0,113.0,114.0
A,Annual,NIC,Nicaragua,WEF_TTDI_EOSQ654,"Geographically dispersed tourism, 1-7 (best)",IX_1T7,Score 1-7,WEF_TTDI_SCR,Type: Score,WEF_TTDI,Travel & Tourism Development Index (TTDI),0,Units,A,Normal value,PU,Public,2.4912281036377,2.4912281036377,2.4912281036377
A,Annual,NIC,Nicaragua,WEF_TTDI_EOSQ654,"Geographically dispersed tourism, 1-7 (best)",IX_1T7,Score 1-7,WEF_TTDI_VAL,Type: Value,WEF_TTDI,Travel & Tourism Development Index (TTDI),0,Units,A,Normal value,PU,Public,2.4912281036377,2.4912281036377,2.4912281036377
A,Annual,NLD,Netherlands,WEF_TTDI_EOSQ654,"Geographically dispersed tourism, 1-7 (best)",IX_1T7,Score 1-7,WEF_TTDI_RNK,Type: Rank,WEF_TTDI,Travel & Tourism Development Index (TTDI),0,Units,A,Normal value,PU,Public,88.0,88.0,97.0
A,Annual,NLD,Netherlands,WEF_TTDI_EOSQ654,"Geographically dispersed tourism, 1-7 (best)",IX_1T7,Score 1-7,WEF_TTDI_SCR,Type: Score,WEF_TTDI,Travel & Tourism Development Index (TTDI),0,Units,A,Normal value,PU,Public,3.12048196792603,3.12048196792603,3.02495852017937
A,Annual,NLD,Netherlands,WEF_TTDI_EOSQ654,"Geographically dispersed tourism, 1-7 (best)",IX_1T7,Score 1-7,WEF_TTDI_VAL,Type: Value,WEF_TTDI,Travel & Tourism Development Index (TTDI),0,Units,A,Normal value,PU,Public,3.12048196792603,3.12048196792603,3.02495852017937
A,Annual,NPL,Nepal,WEF_TTDI_EOSQ654,"Geographically dispersed tourism, 1-7 (best)",IX_1T7,Score 1-7,WEF_TTDI_RNK,Type: Rank,WEF_TTDI,Travel & Tourism Development Index (TTDI),0,Units,A,Normal value,PU,Public,64.0,64.0,72.0
A,Annual,NPL,Nepal,WEF_TTDI_EOSQ654,"Geographically dispersed tourism, 1-7 (best)",IX_1T7,Score 1-7,WEF_TTDI_SCR,Type: Score,WEF_TTDI,Travel & Tourism Development Index (TTDI),0,Units,A,Normal value,PU,Public,3.36263728141785,3.36263728141785,3.46454521875
A,Annual,NPL,Nepal,WEF_TTDI_EOSQ654,"Geographically dispersed tourism, 1-7 (best)",IX_1T7,Score 1-7,WEF_TTDI_VAL,Type: Value,WEF_TTDI,Travel & Tourism Development Index (TTDI),0,Units,A,Normal value,PU,Public,3.36263728141785,3.36263728141785,3.46454521875
A,Annual,NZL,New Zealand,WEF_TTDI_EOSQ654,"Geographically dispersed tourism, 1-7 (best)",IX_1T7,Score 1-7,WEF_TTDI_RNK,Type: Rank,WEF_TTDI,Travel & Tourism Development Index (TTDI),0,Units,A,Normal value,PU,Public,74.0,74.0,20.0
A,Annual,NZL,New Zealand,WEF_TTDI_EOSQ654,"Geographically dispersed tourism, 1-7 (best)",IX_1T7,Score 1-7,WEF_TTDI_SCR,Type: Score,WEF_TTDI,Travel & Tourism Development Index (TTDI),0,Units,A,Normal value,PU,Public,3.27536225318909,3.27536225318909,4.5791592
A,Annual,NZL,New Zealand,WEF_TTDI_EOSQ654,"Geographically dispersed tourism, 1-7 (best)",IX_1T7,Score 1-7,WEF_TTDI_VAL,Type: Value,WEF_TTDI,Travel & Tourism Development Index (TTDI),0,Units,A,Normal value,PU,Public,3.27536225318909,3.27536225318909,4.5791592
A,Annual,OMN,Oman,WEF_TTDI_EOSQ654,"Geographically dispersed tourism, 1-7 (best)",IX_1T7,Score 1-7,WEF_TTDI_RNK,Type: Rank,WEF_TTDI,Travel & Tourism Development Index (TTDI),0,Units,A,Normal value,PU,Public,20.0,20.0,12.0
A,Annual,OMN,Oman,WEF_TTDI_EOSQ654,"Geographically dispersed tourism, 1-7 (best)",IX_1T7,Score 1-7,WEF_TTDI_SCR,Type: Score,WEF_TTDI,Travel & Tourism Development Index (TTDI),0,Units,A,Normal value,PU,Public,4.46861,4.46861,4.83446926943005
A,Annual,OMN,Oman,WEF_TTDI_EOSQ654,"Geographically dispersed tourism, 1-7 (best)",IX_1T7,Score 1-7,WEF_TTDI_VAL,Type: Value,WEF_TTDI,Travel & Tourism Development Index (TTDI),0,Units,A,Normal value,PU,Public,4.46861,4.46861,4.83446926943005
A,Annual,PAK,Pakistan,WEF_TTDI_EOSQ654,"Geographically dispersed tourism, 1-7 (best)",IX_1T7,Score 1-7,WEF_TTDI_RNK,Type: Rank,WEF_TTDI,Travel & Tourism Development Index (TTDI),0,Units,A,Normal value,PU,Public,13.0,13.0,41.0
A,Annual,PAK,Pakistan,WEF_TTDI_EOSQ654,"Geographically dispersed tourism, 1-7 (best)",IX_1T7,Score 1-7,WEF_TTDI_SCR,Type: Score,WEF_TTDI,Travel & Tourism Development Index (TTDI),0,Units,A,Normal value,PU,Public,4.60533094406128,4.60533094406128,4.16264742472266
A,Annual,PAK,Pakistan,WEF_TTDI_EOSQ654,"Geographically dispersed tourism, 1-7 (best)",IX_1T7,Score 1-7,WEF_TTDI_VAL,Type: Value,WEF_TTDI,Travel & Tourism Development Index (TTDI),0,Units,A,Normal value,PU,Public,4.60533094406128,4.60533094406128,4.16264742472266
A,Annual,PAN,Panama,WEF_TTDI_EOSQ654,"Geographically dispersed tourism, 1-7 (best)",IX_1T7,Score 1-7,WEF_TTDI_RNK,Type: Rank,WEF_TTDI,Travel & Tourism Development Index (TTDI),0,Units,A,Normal value,PU,Public,66.0,66.0,75.0
A,Annual,PAN,Panama,WEF_TTDI_EOSQ654,"Geographically dispersed tourism, 1-7 (best)",IX_1T7,Score 1-7,WEF_TTDI_SCR,Type: Score,WEF_TTDI,Travel & Tourism Development Index (TTDI),0,Units,A,Normal value,PU,Public,3.35714292526245,3.35714292526245,3.40019099019608
A,Annual,PAN,Panama,WEF_TTDI_EOSQ654,"Geographically dispersed tourism, 1-7 (best)",IX_1T7,Score 1-7,WEF_TTDI_VAL,Type: Value,WEF_TTDI,Travel & Tourism Development Index (TTDI),0,Units,A,Normal value,PU,Public,3.35714292526245,3.35714292526245,3.40019099019608
A,Annual,PER,Peru,WEF_TTDI_EOSQ654,"Geographically dispersed tourism, 1-7 (best)",IX_1T7,Score 1-7,WEF_TTDI_RNK,Type: Rank,WEF_TTDI,Travel & Tourism Development Index (TTDI),0,Units,A,Normal value,PU,Public,105.0,105.0,87.0
A,Annual,PER,Peru,WEF_TTDI_EOSQ654,"Geographically dispersed tourism, 1-7 (best)",IX_1T7,Score 1-7,WEF_TTDI_SCR,Type: Score,WEF_TTDI,Travel & Tourism Development Index (TTDI),0,Units,A,Normal value,PU,Public,2.70000004768372,2.70000004768372,3.15752671657754
A,Annual,PER,Peru,WEF_TTDI_EOSQ654,"Geographically dispersed tourism, 1-7 (best)",IX_1T7,Score 1-7,WEF_TTDI_VAL,Type: Value,WEF_TTDI,Travel & Tourism Development Index (TTDI),0,Units,A,Normal value,PU,Public,2.70000004768372,2.70000004768372,3.15752671657754
A,Annual,PHL,Philippines,WEF_TTDI_EOSQ654,"Geographically dispersed tourism, 1-7 (best)",IX_1T7,Score 1-7,WEF_TTDI_RNK,Type: Rank,WEF_TTDI,Travel & Tourism Development Index (TTDI),0,Units,A,Normal value,PU,Public,79.0,79.0,49.0
A,Annual,PHL,Philippines,WEF_TTDI_EOSQ654,"Geographically dispersed tourism, 1-7 (best)",IX_1T7,Score 1-7,WEF_TTDI_SCR,Type: Score,WEF_TTDI,Travel & Tourism Development Index (TTDI),0,Units,A,Normal value,PU,Public,3.24390244483948,3.24390244483948,3.98159014673913
A,Annual,PHL,Philippines,WEF_TTDI_EOSQ654,"Geographically dispersed tourism, 1-7 (best)",IX_1T7,Score 1-7,WEF_TTDI_VAL,Type: Value,WEF_TTDI,Travel & Tourism Development Index (TTDI),0,Units,A,Normal value,PU,Public,3.24390244483948,3.24390244483948,3.98159014673913
A,Annual,POL,Poland,WEF_TTDI_EOSQ654,"Geographically dispersed tourism, 1-7 (best)",IX_1T7,Score 1-7,WEF_TTDI_RNK,Type: Rank,WEF_TTDI,Travel & Tourism Development Index (TTDI),0,Units,A,Normal value,PU,Public,52.0,52.0,52.0
A,Annual,POL,Poland,WEF_TTDI_EOSQ654,"Geographically dispersed tourism, 1-7 (best)",IX_1T7,Score 1-7,WEF_TTDI_SCR,Type: Score,WEF_TTDI,Travel & Tourism Development Index (TTDI),0,Units,A,Normal value,PU,Public,3.65841579437256,3.65841579437256,3.92041064179104
A,Annual,POL,Poland,WEF_TTDI_EOSQ654,"Geographically dispersed tourism, 1-7 (best)",IX_1T7,Score 1-7,WEF_TTDI_VAL,Type: Value,WEF_TTDI,Travel & Tourism Development Index (TTDI),0,Units,A,Normal value,PU,Public,3.65841579437256,3.65841579437256,3.92041064179104
A,Annual,PRT,Portugal,WEF_TTDI_EOSQ654,"Geographically dispersed tourism, 1-7 (best)",IX_1T7,Score 1-7,WEF_TTDI_RNK,Type: Rank,WEF_TTDI,Travel & Tourism Development Index (TTDI),0,Units,A,Normal value,PU,Public,40.0,40.0,51.0
A,Annual,PRT,Portugal,WEF_TTDI_EOSQ654,"Geographically dispersed tourism, 1-7 (best)",IX_1T7,Score 1-7,WEF_TTDI_SCR,Type: Score,WEF_TTDI,Travel & Tourism Development Index (TTDI),0,Units,A,Normal value,PU,Public,4.01265811920166,4.01265811920166,3.94692662921348
A,Annual,PRT,Portugal,WEF_TTDI_EOSQ654,"Geographically dispersed tourism, 1-7 (best)",IX_1T7,Score 1-7,WEF_TTDI_VAL,Type: Value,WEF_TTDI,Travel & Tourism Development Index (TTDI),0,Units,A,Normal value,PU,Public,4.01265811920166,4.01265811920166,3.94692662921348
A,Annual,PRY,Paraguay,WEF_TTDI_EOSQ654,"Geographically dispersed tourism, 1-7 (best)",IX_1T7,Score 1-7,WEF_TTDI_RNK,Type: Rank,WEF_TTDI,Travel & Tourism Development Index (TTDI),0,Units,A,Normal value,PU,Public,101.0,101.0,108.0
A,Annual,PRY,Paraguay,WEF_TTDI_EOSQ654,"Geographically dispersed tourism, 1-7 (best)",IX_1T7,Score 1-7,WEF_TTDI_SCR,Type: Score,WEF_TTDI,Travel & Tourism Development Index (TTDI),0,Units,A,Normal value,PU,Public,2.73170733451843,2.73170733451843,2.735739171875
A,Annual,PRY,Paraguay,WEF_TTDI_EOSQ654,"Geographically dispersed tourism, 1-7 (best)",IX_1T7,Score 1-7,WEF_TTDI_VAL,Type: Value,WEF_TTDI,Travel & Tourism Development Index (TTDI),0,Units,A,Normal value,PU,Public,2.73170733451843,2.73170733451843,2.735739171875
A,Annual,QAT,Qatar,WEF_TTDI_EOSQ654,"Geographically dispersed tourism, 1-7 (best)",IX_1T7,Score 1-7,WEF_TTDI_RNK,Type: Rank,WEF_TTDI,Travel & Tourism Development Index (TTDI),0,Units,A,Normal value,PU,Public,14.0,14.0,10.0
A,Annual,QAT,Qatar,WEF_TTDI_EOSQ654,"Geographically dispersed tourism, 1-7 (best)",IX_1T7,Score 1-7,WEF_TTDI_SCR,Type: Score,WEF_TTDI,Travel & Tourism Development Index (TTDI),0,Units,A,Normal value,PU,Public,4.59562015533447,4.59562015533447,4.87165497435898
A,Annual,QAT,Qatar,WEF_TTDI_EOSQ654,"Geographically dispersed tourism, 1-7 (best)",IX_1T7,Score 1-7,WEF_TTDI_VAL,Type: Value,WEF_TTDI,Travel & Tourism Development Index (TTDI),0,Units,A,Normal value,PU,Public,4.59562015533447,4.59562015533447,4.87165497435898
A,Annual,ROU,Romania,WEF_TTDI_EOSQ654,"Geographically dispersed tourism, 1-7 (best)",IX_1T7,Score 1-7,WEF_TTDI_RNK,Type: Rank,WEF_TTDI,Travel & Tourism Development Index (TTDI),0,Units,A,Normal value,PU,Public,44.0,44.0,57.0
A,Annual,ROU,Romania,WEF_TTDI_EOSQ654,"Geographically dispersed tourism, 1-7 (best)",IX_1T7,Score 1-7,WEF_TTDI_SCR,Type: Score,WEF_TTDI,Travel & Tourism Development Index (TTDI),0,Units,A,Normal value,PU,Public,3.78205132484436,3.78205132484436,3.7845876744186
A,Annual,ROU,Romania,WEF_TTDI_EOSQ654,"Geographically dispersed tourism, 1-7 (best)",IX_1T7,Score 1-7,WEF_TTDI_VAL,Type: Value,WEF_TTDI,Travel & Tourism Development Index (TTDI),0,Units,A,Normal value,PU,Public,3.78205132484436,3.78205132484436,3.7845876744186
A,Annual,RWA,Rwanda,WEF_TTDI_EOSQ654,"Geographically dispersed tourism, 1-7 (best)",IX_1T7,Score 1-7,WEF_TTDI_RNK,Type: Rank,WEF_TTDI,Travel & Tourism Development Index (TTDI),0,Units,A,Normal value,PU,Public,35.0,35.0,21.0
A,Annual,RWA,Rwanda,WEF_TTDI_EOSQ654,"Geographically dispersed tourism, 1-7 (best)",IX_1T7,Score 1-7,WEF_TTDI_SCR,Type: Score,WEF_TTDI,Travel & Tourism Development Index (TTDI),0,Units,A,Normal value,PU,Public,4.05670785903931,4.05670785903931,4.53141894186047
A,Annual,RWA,Rwanda,WEF_TTDI_EOSQ654,"Geographically dispersed tourism, 1-7 (best)",IX_1T7,Score 1-7,WEF_TTDI_VAL,Type: Value,WEF_TTDI,Travel & Tourism Development Index (TTDI),0,Units,A,Normal value,PU,Public,4.05670785903931,4.05670785903931,4.53141894186047
A,Annual,SAU,Saudi Arabia,WEF_TTDI_EOSQ654,"Geographically dispersed tourism, 1-7 (best)",IX_1T7,Score 1-7,WEF_TTDI_RNK,Type: Rank,WEF_TTDI,Travel & Tourism Development Index (TTDI),0,Units,A,Normal value,PU,Public,21.0,21.0,7.0
A,Annual,SAU,Saudi Arabia,WEF_TTDI_EOSQ654,"Geographically dispersed tourism, 1-7 (best)",IX_1T7,Score 1-7,WEF_TTDI_SCR,Type: Score,WEF_TTDI,Travel & Tourism Development Index (TTDI),0,Units,A,Normal value,PU,Public,4.46130657196045,4.46130657196045,5.01443931395349
A,Annual,SAU,Saudi Arabia,WEF_TTDI_EOSQ654,"Geographically dispersed tourism, 1-7 (best)",IX_1T7,Score 1-7,WEF_TTDI_VAL,Type: Value,WEF_TTDI,Travel & Tourism Development Index (TTDI),0,Units,A,Normal value,PU,Public,4.46130657196045,4.46130657196045,5.01443931395349
A,Annual,SEN,Senegal,WEF_TTDI_EOSQ654,"Geographically dispersed tourism, 1-7 (best)",IX_1T7,Score 1-7,WEF_TTDI_RNK,Type: Rank,WEF_TTDI,Travel & Tourism Development Index (TTDI),0,Units,A,Normal value,PU,Public,57.0,57.0,36.0
A,Annual,SEN,Senegal,WEF_TTDI_EOSQ654,"Geographically dispersed tourism, 1-7 (best)",IX_1T7,Score 1-7,WEF_TTDI_SCR,Type: Score,WEF_TTDI,Travel & Tourism Development Index (TTDI),0,Units,A,Normal value,PU,Public,3.5,3.5,4.2648242601626
A,Annual,SEN,Senegal,WEF_TTDI_EOSQ654,"Geographically dispersed tourism, 1-7 (best)",IX_1T7,Score 1-7,WEF_TTDI_VAL,Type: Value,WEF_TTDI,Travel & Tourism Development Index (TTDI),0,Units,A,Normal value,PU,Public,3.5,3.5,4.2648242601626
A,Annual,SGP,Singapore,WEF_TTDI_EOSQ654,"Geographically dispersed tourism, 1-7 (best)",IX_1T7,Score 1-7,WEF_TTDI_RNK,Type: Rank,WEF_TTDI,Travel & Tourism Development Index (TTDI),0,Units,A,Normal value,PU,Public,41.0,41.0,33.0
A,Annual,SGP,Singapore,WEF_TTDI_EOSQ654,"Geographically dispersed tourism, 1-7 (best)",IX_1T7,Score 1-7,WEF_TTDI_SCR,Type: Score,WEF_TTDI,Travel & Tourism Development Index (TTDI),0,Units,A,Normal value,PU,Public,4.00634384155273,4.00634384155273,4.291806
A,Annual,SGP,Singapore,WEF_TTDI_EOSQ654,"Geographically dispersed tourism, 1-7 (best)",IX_1T7,Score 1-7,WEF_TTDI_VAL,Type: Value,WEF_TTDI,Travel & Tourism Development Index (TTDI),0,Units,A,Normal value,PU,Public,4.00634384155273,4.00634384155273,4.291806
A,Annual,SLE,Sierra Leone,WEF_TTDI_EOSQ654,"Geographically dispersed tourism, 1-7 (best)",IX_1T7,Score 1-7,WEF_TTDI_RNK,Type: Rank,WEF_TTDI,Travel & Tourism Development Index (TTDI),0,Units,A,Normal value,PU,Public,99.0,99.0,110.0
A,Annual,SLE,Sierra Leone,WEF_TTDI_EOSQ654,"Geographically dispersed tourism, 1-7 (best)",IX_1T7,Score 1-7,WEF_TTDI_SCR,Type: Score,WEF_TTDI,Travel & Tourism Development Index (TTDI),0,Units,A,Normal value,PU,Public,2.79999995231628,2.79999995231628,2.66390462135922
A,Annual,SLE,Sierra Leone,WEF_TTDI_EOSQ654,"Geographically dispersed tourism, 1-7 (best)",IX_1T7,Score 1-7,WEF_TTDI_VAL,Type: Value,WEF_TTDI,Travel & Tourism Development Index (TTDI),0,Units,A,Normal value,PU,Public,2.79999995231628,2.79999995231628,2.66390462135922
A,Annual,SLV,El Salvador,WEF_TTDI_EOSQ654,"Geographically dispersed tourism, 1-7 (best)",IX_1T7,Score 1-7,WEF_TTDI_RNK,Type: Rank,WEF_TTDI,Travel & Tourism Development Index (TTDI),0,Units,A,Normal value,PU,Public,111.0,111.0,104.0
A,Annual,SLV,El Salvador,WEF_TTDI_EOSQ654,"Geographically dispersed tourism, 1-7 (best)",IX_1T7,Score 1-7,WEF_TTDI_SCR,Type: Score,WEF_TTDI,Travel & Tourism Development Index (TTDI),0,Units,A,Normal value,PU,Public,2.58823537826538,2.58823537826538,2.79773530232558
A,Annual,SLV,El Salvador,WEF_TTDI_EOSQ654,"Geographically dispersed tourism, 1-7 (best)",IX_1T7,Score 1-7,WEF_TTDI_VAL,Type: Value,WEF_TTDI,Travel & Tourism Development Index (TTDI),0,Units,A,Normal value,PU,Public,2.58823537826538,2.58823537826538,2.79773530232558
A,Annual,SRB,Serbia,WEF_TTDI_EOSQ654,"Geographically dispersed tourism, 1-7 (best)",IX_1T7,Score 1-7,WEF_TTDI_RNK,Type: Rank,WEF_TTDI,Travel & Tourism Development Index (TTDI),0,Units,A,Normal value,PU,Public,61.0,61.0,60.0
A,Annual,SRB,Serbia,WEF_TTDI_EOSQ654,"Geographically dispersed tourism, 1-7 (best)",IX_1T7,Score 1-7,WEF_TTDI_SCR,Type: Score,WEF_TTDI,Travel & Tourism Development Index (TTDI),0,Units,A,Normal value,PU,Public,3.40909099578857,3.40909099578857,3.71290815865385
A,Annual,SRB,Serbia,WEF_TTDI_EOSQ654,"Geographically dispersed tourism, 1-7 (best)",IX_1T7,Score 1-7,WEF_TTDI_VAL,Type: Value,WEF_TTDI,Travel & Tourism Development Index (TTDI),0,Units,A,Normal value,PU,Public,3.40909099578857,3.40909099578857,3.71290815865385
A,Annual,SVK,Slovak Republic,WEF_TTDI_EOSQ654,"Geographically dispersed tourism, 1-7 (best)",IX_1T7,Score 1-7,WEF_TTDI_RNK,Type: Rank,WEF_TTDI,Travel & Tourism Development Index (TTDI),0,Units,A,Normal value,PU,Public,106.0,106.0,107.0
A,Annual,SVK,Slovak Republic,WEF_TTDI_EOSQ654,"Geographically dispersed tourism, 1-7 (best)",IX_1T7,Score 1-7,WEF_TTDI_SCR,Type: Score,WEF_TTDI,Travel & Tourism Development Index (TTDI),0,Units,A,Normal value,PU,Public,2.66666674613953,2.66666674613953,2.73978046511628
A,Annual,SVK,Slovak Republic,WEF_TTDI_EOSQ654,"Geographically dispersed tourism, 1-7 (best)",IX_1T7,Score 1-7,WEF_TTDI_VAL,Type: Value,WEF_TTDI,Travel & Tourism Development Index (TTDI),0,Units,A,Normal value,PU,Public,2.66666674613953,2.66666674613953,2.73978046511628
A,Annual,SVN,Slovenia,WEF_TTDI_EOSQ654,"Geographically dispersed tourism, 1-7 (best)",IX_1T7,Score 1-7,WEF_TTDI_RNK,Type: Rank,WEF_TTDI,Travel & Tourism Development Index (TTDI),0,Units,A,Normal value,PU,Public,100.0,100.0,102.0
A,Annual,SVN,Slovenia,WEF_TTDI_EOSQ654,"Geographically dispersed tourism, 1-7 (best)",IX_1T7,Score 1-7,WEF_TTDI_SCR,Type: Score,WEF_TTDI,Travel & Tourism Development Index (TTDI),0,Units,A,Normal value,PU,Public,2.75308632850647,2.75308632850647,2.87028645714286
A,Annual,SVN,Slovenia,WEF_TTDI_EOSQ654,"Geographically dispersed tourism, 1-7 (best)",IX_1T7,Score 1-7,WEF_TTDI_VAL,Type: Value,WEF_TTDI,Travel & Tourism Development Index (TTDI),0,Units,A,Normal value,PU,Public,2.75308632850647,2.75308632850647,2.87028645714286
A,Annual,SWE,Sweden,WEF_TTDI_EOSQ654,"Geographically dispersed tourism, 1-7 (best)",IX_1T7,Score 1-7,WEF_TTDI_RNK,Type: Rank,WEF_TTDI,Travel & Tourism Development Index (TTDI),0,Units,A,Normal value,PU,Public,32.0,32.0,18.0
A,Annual,SWE,Sweden,WEF_TTDI_EOSQ654,"Geographically dispersed tourism, 1-7 (best)",IX_1T7,Score 1-7,WEF_TTDI_SCR,Type: Score,WEF_TTDI,Travel & Tourism Development Index (TTDI),0,Units,A,Normal value,PU,Public,4.14754104614258,4.14754104614258,4.632186
A,Annual,SWE,Sweden,WEF_TTDI_EOSQ654,"Geographically dispersed tourism, 1-7 (best)",IX_1T7,Score 1-7,WEF_TTDI_VAL,Type: Value,WEF_TTDI,Travel & Tourism Development Index (TTDI),0,Units,A,Normal value,PU,Public,4.14754104614258,4.14754104614258,4.632186
A,Annual,THA,Thailand,WEF_TTDI_EOSQ654,"Geographically dispersed tourism, 1-7 (best)",IX_1T7,Score 1-7,WEF_TTDI_RNK,Type: Rank,WEF_TTDI,Travel & Tourism Development Index (TTDI),0,Units,A,Normal value,PU,Public,16.0,16.0,43.0
A,Annual,THA,Thailand,WEF_TTDI_EOSQ654,"Geographically dispersed tourism, 1-7 (best)",IX_1T7,Score 1-7,WEF_TTDI_SCR,Type: Score,WEF_TTDI,Travel & Tourism Development Index (TTDI),0,Units,A,Normal value,PU,Public,4.57547187805176,4.57547187805176,4.1033555862069
A,Annual,THA,Thailand,WEF_TTDI_EOSQ654,"Geographically dispersed tourism, 1-7 (best)",IX_1T7,Score 1-7,WEF_TTDI_VAL,Type: Value,WEF_TTDI,Travel & Tourism Development Index (TTDI),0,Units,A,Normal value,PU,Public,4.57547187805176,4.57547187805176,4.1033555862069
A,Annual,TJK,Tajikistan,WEF_TTDI_EOSQ654,"Geographically dispersed tourism, 1-7 (best)",IX_1T7,Score 1-7,WEF_TTDI_RNK,Type: Rank,WEF_TTDI,Travel & Tourism Development Index (TTDI),0,Units,A,Normal value,PU,Public,6.0,6.0,11.0
A,Annual,TJK,Tajikistan,WEF_TTDI_EOSQ654,"Geographically dispersed tourism, 1-7 (best)",IX_1T7,Score 1-7,WEF_TTDI_SCR,Type: Score,WEF_TTDI,Travel & Tourism Development Index (TTDI),0,Units,A,Normal value,PU,Public,4.85714292526245,4.85714292526245,4.85714292526245
A,Annual,TJK,Tajikistan,WEF_TTDI_EOSQ654,"Geographically dispersed tourism, 1-7 (best)",IX_1T7,Score 1-7,WEF_TTDI_VAL,Type: Value,WEF_TTDI,Travel & Tourism Development Index (TTDI),0,Units,A,Normal value,PU,Public,4.85714292526245,4.85714292526245,4.85714292526245
A,Annual,TTO,Trinidad and Tobago,WEF_TTDI_EOSQ654,"Geographically dispersed tourism, 1-7 (best)",IX_1T7,Score 1-7,WEF_TTDI_RNK,Type: Rank,WEF_TTDI,Travel & Tourism Development Index (TTDI),0,Units,A,Normal value,PU,Public,114.0,114.0,116.0
A,Annual,TTO,Trinidad and Tobago,WEF_TTDI_EOSQ654,"Geographically dispersed tourism, 1-7 (best)",IX_1T7,Score 1-7,WEF_TTDI_SCR,Type: Score,WEF_TTDI,Travel & Tourism Development Index (TTDI),0,Units,A,Normal value,PU,Public,2.34210515022278,2.34210515022278,2.47321061261261
A,Annual,TTO,Trinidad and Tobago,WEF_TTDI_EOSQ654,"Geographically dispersed tourism, 1-7 (best)",IX_1T7,Score 1-7,WEF_TTDI_VAL,Type: Value,WEF_TTDI,Travel & Tourism Development Index (TTDI),0,Units,A,Normal value,PU,Public,2.34210515022278,2.34210515022278,2.47321061261261
A,Annual,TUN,Tunisia,WEF_TTDI_EOSQ654,"Geographically dispersed tourism, 1-7 (best)",IX_1T7,Score 1-7,WEF_TTDI_RNK,Type: Rank,WEF_TTDI,Travel & Tourism Development Index (TTDI),0,Units,A,Normal value,PU,Public,97.0,97.0,69.0
A,Annual,TUN,Tunisia,WEF_TTDI_EOSQ654,"Geographically dispersed tourism, 1-7 (best)",IX_1T7,Score 1-7,WEF_TTDI_SCR,Type: Score,WEF_TTDI,Travel & Tourism Development Index (TTDI),0,Units,A,Normal value,PU,Public,2.9347825050354,2.9347825050354,3.50946297777778
A,Annual,TUN,Tunisia,WEF_TTDI_EOSQ654,"Geographically dispersed tourism, 1-7 (best)",IX_1T7,Score 1-7,WEF_TTDI_VAL,Type: Value,WEF_TTDI,Travel & Tourism Development Index (TTDI),0,Units,A,Normal value,PU,Public,2.9347825050354,2.9347825050354,3.50946297777778
A,Annual,TUR,Turkiye,WEF_TTDI_EOSQ654,"Geographically dispersed tourism, 1-7 (best)",IX_1T7,Score 1-7,WEF_TTDI_RNK,Type: Rank,WEF_TTDI,Travel & Tourism Development Index (TTDI),0,Units,A,Normal value,PU,Public,98.0,98.0,100.0
A,Annual,TUR,Turkiye,WEF_TTDI_EOSQ654,"Geographically dispersed tourism, 1-7 (best)",IX_1T7,Score 1-7,WEF_TTDI_SCR,Type: Score,WEF_TTDI,Travel & Tourism Development Index (TTDI),0,Units,A,Normal value,PU,Public,2.84920644760132,2.84920644760132,2.92300921052632
A,Annual,TUR,Turkiye,WEF_TTDI_EOSQ654,"Geographically dispersed tourism, 1-7 (best)",IX_1T7,Score 1-7,WEF_TTDI_VAL,Type: Value,WEF_TTDI,Travel & Tourism Development Index (TTDI),0,Units,A,Normal value,PU,Public,2.84920644760132,2.84920644760132,2.92300921052632
A,Annual,TZA,Tanzania,WEF_TTDI_EOSQ654,"Geographically dispersed tourism, 1-7 (best)",IX_1T7,Score 1-7,WEF_TTDI_RNK,Type: Rank,WEF_TTDI,Travel & Tourism Development Index (TTDI),0,Units,A,Normal value,PU,Public,39.0,39.0,45.0
A,Annual,TZA,Tanzania,WEF_TTDI_EOSQ654,"Geographically dispersed tourism, 1-7 (best)",IX_1T7,Score 1-7,WEF_TTDI_SCR,Type: Score,WEF_TTDI,Travel & Tourism Development Index (TTDI),0,Units,A,Normal value,PU,Public,4.02409648895264,4.02409648895264,4.035365
A,Annual,TZA,Tanzania,WEF_TTDI_EOSQ654,"Geographically dispersed tourism, 1-7 (best)",IX_1T7,Score 1-7,WEF_TTDI_VAL,Type: Value,WEF_TTDI,Travel & Tourism Development Index (TTDI),0,Units,A,Normal value,PU,Public,4.02409648895264,4.02409648895264,4.035365
A,Annual,UMC,Upper middle income,WEF_TTDI_EOSQ654,"Geographically dispersed tourism, 1-7 (best)",IX_1T7,Score 1-7,WEF_TTDI_SCR,Type: Score,WEF_TTDI,Travel & Tourism Development Index (TTDI),0,Units,A,Normal value,PU,Public,3.546834818943569,3.546834818943569,3.630595294562988
A,Annual,UMC,Upper middle income,WEF_TTDI_EOSQ654,"Geographically dispersed tourism, 1-7 (best)",IX_1T7,Score 1-7,WEF_TTDI_VAL,Type: Value,WEF_TTDI,Travel & Tourism Development Index (TTDI),0,Units,A,Normal value,PU,Public,3.546834818943569,3.546834818943569,3.630595294562988
A,Annual,URY,Uruguay,WEF_TTDI_EOSQ654,"Geographically dispersed tourism, 1-7 (best)",IX_1T7,Score 1-7,WEF_TTDI_RNK,Type: Rank,WEF_TTDI,Travel & Tourism Development Index (TTDI),0,Units,A,Normal value,PU,Public,116.0,116.0,111.0
A,Annual,URY,Uruguay,WEF_TTDI_EOSQ654,"Geographically dispersed tourism, 1-7 (best)",IX_1T7,Score 1-7,WEF_TTDI_SCR,Type: Score,WEF_TTDI,Travel & Tourism Development Index (TTDI),0,Units,A,Normal value,PU,Public,2.26470589637756,2.26470589637756,2.58205116083916
A,Annual,URY,Uruguay,WEF_TTDI_EOSQ654,"Geographically dispersed tourism, 1-7 (best)",IX_1T7,Score 1-7,WEF_TTDI_VAL,Type: Value,WEF_TTDI,Travel & Tourism Development Index (TTDI),0,Units,A,Normal value,PU,Public,2.26470589637756,2.26470589637756,2.58205116083916
A,Annual,USA,United States,WEF_TTDI_EOSQ654,"Geographically dispersed tourism, 1-7 (best)",IX_1T7,Score 1-7,WEF_TTDI_RNK,Type: Rank,WEF_TTDI,Travel & Tourism Development Index (TTDI),0,Units,A,Normal value,PU,Public,4.0,4.0,5.0
A,Annual,USA,United States,WEF_TTDI_EOSQ654,"Geographically dispersed tourism, 1-7 (best)",IX_1T7,Score 1-7,WEF_TTDI_SCR,Type: Score,WEF_TTDI,Travel & Tourism Development Index (TTDI),0,Units,A,Normal value,PU,Public,5.06766939163208,5.06766939163208,5.07032730698529
A,Annual,USA,United States,WEF_TTDI_EOSQ654,"Geographically dispersed tourism, 1-7 (best)",IX_1T7,Score 1-7,WEF_TTDI_VAL,Type: Value,WEF_TTDI,Travel & Tourism Development Index (TTDI),0,Units,A,Normal value,PU,Public,5.06766939163208,5.06766939163208,5.07032730698529
A,Annual,UZB,Uzbekistan,WEF_TTDI_EOSQ654,"Geographically dispersed tourism, 1-7 (best)",IX_1T7,Score 1-7,WEF_TTDI_RNK,Type: Rank,WEF_TTDI,Travel & Tourism Development Index (TTDI),0,Units,A,Normal value,PU,Public,1.0,1.0,1.0
A,Annual,UZB,Uzbekistan,WEF_TTDI_EOSQ654,"Geographically dispersed tourism, 1-7 (best)",IX_1T7,Score 1-7,WEF_TTDI_SCR,Type: Score,WEF_TTDI,Travel & Tourism Development Index (TTDI),0,Units,A,Normal value,PU,Public,5.71126747131348,5.71126747131348,5.71126747131348
A,Annual,UZB,Uzbekistan,WEF_TTDI_EOSQ654,"Geographically dispersed tourism, 1-7 (best)",IX_1T7,Score 1-7,WEF_TTDI_VAL,Type: Value,WEF_TTDI,Travel & Tourism Development Index (TTDI),0,Units,A,Normal value,PU,Public,5.71126747131348,5.71126747131348,5.71126747131348
A,Annual,VEN,"Venezuela, RB",WEF_TTDI_EOSQ654,"Geographically dispersed tourism, 1-7 (best)",IX_1T7,Score 1-7,WEF_TTDI_RNK,Type: Rank,WEF_TTDI,Travel & Tourism Development Index (TTDI),0,Units,A,Normal value,PU,Public,119.0,119.0,118.0
A,Annual,VEN,"Venezuela, RB",WEF_TTDI_EOSQ654,"Geographically dispersed tourism, 1-7 (best)",IX_1T7,Score 1-7,WEF_TTDI_SCR,Type: Score,WEF_TTDI,Travel & Tourism Development Index (TTDI),0,Units,A,Normal value,PU,Public,1.75438594818115,1.75438594818115,2.02033416
A,Annual,VEN,"Venezuela, RB",WEF_TTDI_EOSQ654,"Geographically dispersed tourism, 1-7 (best)",IX_1T7,Score 1-7,WEF_TTDI_VAL,Type: Value,WEF_TTDI,Travel & Tourism Development Index (TTDI),0,Units,A,Normal value,PU,Public,1.75438594818115,1.75438594818115,2.02033416
A,Annual,VNM,Viet Nam,WEF_TTDI_EOSQ654,"Geographically dispersed tourism, 1-7 (best)",IX_1T7,Score 1-7,WEF_TTDI_RNK,Type: Rank,WEF_TTDI,Travel & Tourism Development Index (TTDI),0,Units,A,Normal value,PU,Public,26.0,26.0,27.0
A,Annual,VNM,Viet Nam,WEF_TTDI_EOSQ654,"Geographically dispersed tourism, 1-7 (best)",IX_1T7,Score 1-7,WEF_TTDI_SCR,Type: Score,WEF_TTDI,Travel & Tourism Development Index (TTDI),0,Units,A,Normal value,PU,Public,4.40625,4.40625,4.39102870103093
A,Annual,VNM,Viet Nam,WEF_TTDI_EOSQ654,"Geographically dispersed tourism, 1-7 (best)",IX_1T7,Score 1-7,WEF_TTDI_VAL,Type: Value,WEF_TTDI,Travel & Tourism Development Index (TTDI),0,Units,A,Normal value,PU,Public,4.40625,4.40625,4.39102870103093
A,Annual,ZAF,South Africa,WEF_TTDI_EOSQ654,"Geographically dispersed tourism, 1-7 (best)",IX_1T7,Score 1-7,WEF_TTDI_RNK,Type: Rank,WEF_TTDI,Travel & Tourism Development Index (TTDI),0,Units,A,Normal value,PU,Public,71.0,71.0,50.0
A,Annual,ZAF,South Africa,WEF_TTDI_EOSQ654,"Geographically dispersed tourism, 1-7 (best)",IX_1T7,Score 1-7,WEF_TTDI_SCR,Type: Score,WEF_TTDI,Travel & Tourism Development Index (TTDI),0,Units,A,Normal value,PU,Public,3.29787230491638,3.29787230491638,3.95517661660079
A,Annual,ZAF,South Africa,WEF_TTDI_EOSQ654,"Geographically dispersed tourism, 1-7 (best)",IX_1T7,Score 1-7,WEF_TTDI_VAL,Type: Value,WEF_TTDI,Travel & Tourism Development Index (TTDI),0,Units,A,Normal value,PU,Public,3.29787230491638,3.29787230491638,3.95517661660079
A,Annual,ZMB,Zambia,WEF_TTDI_EOSQ654,"Geographically dispersed tourism, 1-7 (best)",IX_1T7,Score 1-7,WEF_TTDI_RNK,Type: Rank,WEF_TTDI,Travel & Tourism Development Index (TTDI),0,Units,A,Normal value,PU,Public,96.0,96.0,77.0
A,Annual,ZMB,Zambia,WEF_TTDI_EOSQ654,"Geographically dispersed tourism, 1-7 (best)",IX_1T7,Score 1-7,WEF_TTDI_SCR,Type: Score,WEF_TTDI,Travel & Tourism Development Index (TTDI),0,Units,A,Normal value,PU,Public,2.95555543899536,2.95555543899536,3.35178345856354
A,Annual,ZMB,Zambia,WEF_TTDI_EOSQ654,"Geographically dispersed tourism, 1-7 (best)",IX_1T7,Score 1-7,WEF_TTDI_VAL,Type: Value,WEF_TTDI,Travel & Tourism Development Index (TTDI),0,Units,A,Normal value,PU,Public,2.95555543899536,2.95555543899536,3.35178345856354
A,Annual,ZWE,Zimbabwe,WEF_TTDI_EOSQ654,"Geographically dispersed tourism, 1-7 (best)",IX_1T7,Score 1-7,WEF_TTDI_RNK,Type: Rank,WEF_TTDI,Travel & Tourism Development Index (TTDI),0,Units,A,Normal value,PU,Public,81.0,81.0,78.0
A,Annual,ZWE,Zimbabwe,WEF_TTDI_EOSQ654,"Geographically dispersed tourism, 1-7 (best)",IX_1T7,Score 1-7,WEF_TTDI_SCR,Type: Score,WEF_TTDI,Travel & Tourism Development Index (TTDI),0,Units,A,Normal value,PU,Public,3.23077,3.23077,3.34491676439791
A,Annual,ZWE,Zimbabwe,WEF_TTDI_EOSQ654,"Geographically dispersed tourism, 1-7 (best)",IX_1T7,Score 1-7,WEF_TTDI_VAL,Type: Value,WEF_TTDI,Travel & Tourism Development Index (TTDI),0,Units,A,Normal value,PU,Public,3.23077,3.23077,3.34491676439791
